"photo","name","cuisine","address","averagePrice","ratingValue","reviewCount","url","offer","tags/0","tags/1","tags/2","tags/3","tags/4","tags/5","tags/6","tags/7"
"https://res.cloudinary.com/tf-lab/image/upload/restaurant/0fb87f67-79d8-4ad5-bb06-6e9d668400cd/92915846-0e73-446a-919f-3e693baa0a07.jpg","Invictus","International food","R. José Fontana 10,8200-295,Albufeira","14","8.8","28","https://www.thefork.com/restaurant/invictus-r730060",,"YUMS x2","International food",,,,,,
"https://res.cloudinary.com/tf-lab/image/upload/restaurant/cf797b76-9f49-4e2d-bd25-89b05d312ff3/e4caa36b-9184-41cf-a5b3-746f2ee12795.jpg","Galinha da Vizinha - Albufeira","International food","R. Almeida Garrett 71,8200-272,Albufeira","15","9.3","301","https://www.thefork.com/restaurant/galinha-da-vizinha-albufeira-r805058","30% off the 'a la carte' menu","International food",,,,,,,
"https://res.cloudinary.com/tf-lab/image/upload/restaurant/25442534-4b23-40e5-91a5-2eb2da7b7a92/a9a3403c-8ea8-48ca-86af-e05594fffa3c.png","Odessa Sushi Restaurant","Japanese","R. da Torre Velha,8200,Albufeira","24","9.6","376","https://www.thefork.com/restaurant/odessa-sushi-restaurant-r712669","30% off the 'a la carte' menu","Japanese",,,,,,,
"https://res.cloudinary.com/tf-lab/image/upload/restaurant/b503cd9e-224f-4351-96ca-a17d6bf58d2f/4ee46969-3d9a-45ea-a823-96e9f49741a9.jpg","Chutneys","Indian","Tv. Antero de Quental 4B r/c,8200-296,Albufeira","14","9.1","580","https://www.thefork.com/restaurant/chutneys-r576521","-30% sobre a ementa!","Indian",,,,,,,
"https://res.cloudinary.com/tf-lab/image/upload/restaurant/6c1fbaa3-0ebc-4441-a116-2595fe73dc6c/d1b83877-7878-40c0-8e9a-8c5d0c6d887b.jpg","Audaces","Portuguese","R. Alexandre Herculano 11,8200-269,Albufeira","15","9","82","https://www.thefork.com/restaurant/audaces-r802974","30% off the 'a la carte' menu","Portuguese",,,,,,,
"https://res.cloudinary.com/tf-lab/image/upload/restaurant/dd1ee6b2-ec17-4434-b316-dc914aae0977/840a276a-863d-45be-8267-e4c859ed74a1.jpg","Al'Italiu","Italian","Rua Alexandre O'Neill,8200-343,Albufeira","32",,"2","https://www.thefork.com/restaurant/al-italiu-r754579","30% off the 'a la carte' menu","YUMS x2","Italian",,,,,,
"https://res.cloudinary.com/tf-lab/image/upload/restaurant/84aa6743-4210-4283-918f-77cd5821e4cb/f6974dec-18c9-4161-bbed-5dd3804af7b1.jpg","Più Bella","Pizzeria","R. José Pinto Simões 10,8200-667,Albufeira","15","9","669","https://www.thefork.com/restaurant/piu-bella-r690641","30% off the 'a la carte' menu","Pizzeria",,,,,,,
"https://res.cloudinary.com/tf-lab/image/upload/restaurant/aaa07841-0641-4f10-a09f-f72ad1499ec7/8408de60-027c-4804-9eca-7c6e0f9e4014.jpg","Montechoro","International food","Rua Alexandre O'Neill,8200-343,Albufeira","32",,"1","https://www.thefork.com/restaurant/montechoro-r754580",,"YUMS x2","International food",,,,,,
"https://res.cloudinary.com/tf-lab/image/upload/restaurant/23e94fc9-ae08-4733-ac2b-787fcdd6712a/dcfff673-92ae-48f8-bc22-39a46de5f13a.jpg","O Lusitano","Portuguese","Urbanização Qta da Correeira - lote 54, bloco 4,8200-161,Albufeira","27","9.4","567","https://www.thefork.com/restaurant/o-lusitano-r65146","Menu do dia €8.5","Portuguese",,,,,,,
"https://res.cloudinary.com/tf-lab/image/upload/restaurant/30a79a42-f33d-415f-a8c3-18198365bb86/8e248589-9997-4116-b881-2c6cf2798bbd.jpg","Al Quimia ","Portuguese","Aldeia da Falésia,8200-593,Albufeira","110","9.6","709","https://www.thefork.com/restaurant/al-quimia-r214369",,"MICHELIN","INSIDER","Portuguese",,,,,
"https://res.cloudinary.com/tf-lab/image/upload/restaurant/8e060588-4286-4498-b451-96efd308a8ec/b043c666-4e0d-41e6-8012-499ea7424a97.jpg","Lutje","International","Estr. de Santa Eulália 6,8200-269,Albufeira","14","8.9","27","https://www.thefork.com/restaurant/lutje-r800947","30% off the 'a la carte' menu","International",,,,,,,
"https://res.cloudinary.com/tf-lab/image/upload/restaurant/f1b80630-bb51-4936-ac0c-c604ebb271ce/1cab2802-d931-43cb-8006-5868fc21e3ba.jpg","Garden Terrace Bistro","International","Av. Dr. Francisco sá Carneiro,8200-291,Albufeira","15","9","581","https://www.thefork.com/restaurant/garden-terrace-bistro-r754484","30% off the 'a la carte' menu","International",,,,,,,
"https://res.cloudinary.com/tf-lab/image/upload/restaurant/24a1d499-5e32-4fd7-9a87-1ac745f55b98/865ba60d-c09b-4d44-a0e4-bff3bc541d6e.jpg","Olive Bistro & Gastro Bar","Mediterranean","R. da Torre Velha 325H,8200,Albufeira","20","9.5","906","https://www.thefork.com/restaurant/olive-bistro-gastro-bar-r729328","Barbecue - Brunch - Dom/Sunday €30","Mediterranean",,,,,,,
"https://res.cloudinary.com/tf-lab/image/upload/restaurant/9d85acf8-3871-46ea-a8d0-11d7231b1f0f/f282dfc5-f6a6-43c3-9a33-bc13f7783d1a.jpg","Do Avesso","Fusion","R. do Sol loja D, R/C,8200-260,Albufeira","25","8.9","211","https://www.thefork.com/restaurant/do-avesso-r753999","30% off the 'a la carte' menu","Fusion",,,,,,,
"https://res.cloudinary.com/tf-lab/image/upload/restaurant/5c6873b0-1519-409d-95e2-da99048312ac/de679f2b-a81d-405f-8254-787e7e2416d7.jpg","Requinte Frutado","Portuguese","R. Camilo Castelo Branco 20,8200-161,Albufeira","14","7.8","12","https://www.thefork.com/restaurant/requinte-frutado-r806437","50% off the 'a la carte' menu","Portuguese",,,,,,,
"https://res.cloudinary.com/tf-lab/image/upload/restaurant/c7b6af4d-ada6-4384-b00d-26ef1fff6510/043db08e-4f55-406a-aa8a-2d6d85b0f6d2.jpg","Prime Sushi & Cocktail Bar","Japanese","R. do Movimento das Forças Armadas 8,8200-090,Albufeira","27","9.5","354","https://www.thefork.com/restaurant/prime-sushi-cocktail-bar-r740769",,"INSIDER","Japanese",,,,,,
"https://res.cloudinary.com/tf-lab/image/upload/restaurant/b023057f-baa7-4126-a08f-cea34b7c391c/7e8a0fdd-fa81-4f2a-901e-69e4da623eb2.jpg","Farm Village Lounge Bar & Restaurant","Mediterranean","R. Q.ta dos Caliços,8200,Albufeira","20","9.1","378","https://www.thefork.com/restaurant/farm-village-lounge-bar-restaurant-r690899","30% off the 'a la carte' menu","Mediterranean",,,,,,,
"https://res.cloudinary.com/tf-lab/image/upload/restaurant/f7d03188-a547-4385-b2dc-1047dc4c0fc3/b24bbcf2-90a4-465e-8126-90fb7e5b7459.jpg","Mato à Vista","Portuguese","Cabanita CP221P, Estr. do Foral,,8200-461,Albufeira","35","9.4","715","https://www.thefork.com/restaurant/mato-a-vista-r312853",,"INSIDER","Portuguese",,,,,,
"https://res.cloudinary.com/tf-lab/image/upload/restaurant/7733dcfd-d9ef-4316-a95e-f8dcf42c93db/474141e5-7bd4-4db7-9eea-6669bc6a34fe.jpg","MnM Kitchen","Nepalese","R. das Telecomunicações 14,8200-184,Albufeira","12","8.8","186","https://www.thefork.com/restaurant/mnm-kitchen-r750891","30% off the 'a la carte' menu","Nepalese",,,,,,,
"https://res.cloudinary.com/tf-lab/image/upload/restaurant/b93ed022-be7c-493c-a5e9-9037bdd42c77/ede49b75-687e-4863-8e66-ed2f6d271e21.jpg","Appetito Pizza Bar","Italian","R. Gen. Humberto Delgado n62,8200-061,Albufeira","16","9.2","237","https://www.thefork.com/restaurant/appetito-pizza-bar-r650787",,"YUMS x2","Italian",,,,,,
"https://res.cloudinary.com/tf-lab/image/upload/restaurant/ba2712e1-3de9-4c6d-923e-321235f02e00/b0894e3f-d011-4534-a062-af61db1e1f25.jpg","Passionné","French","17 Rue Bergère,75009,Paris","55","9.8","2575","https://www.thefork.com/restaurant/passionne-r732903","Instant MICHELIN €131","YUMS x2","MICHELIN","INSIDER","French",,,,
"https://res.cloudinary.com/tf-lab/image/upload/restaurant/7f1912ec-ed09-424c-9b3e-0d80c882708f/a39b3d57-0d06-495a-b979-837bcc5d7b68.jpg","Restaurante Bom Apetite","Portuguese","Estr. de Santa Eulália, urb telhas verdes, lote 2, loja AB,8200-291,Albufeira","17","8.6","386","https://www.thefork.com/restaurant/restaurante-bom-apetite-r665525","-30% sobre a ementa!","Portuguese",,,,,,,
"https://res.cloudinary.com/tf-lab/image/upload/restaurant/2b83e1be-cb95-4660-9336-34489e1d45f5/c4874169-bdcc-4488-b8a7-da64574c9379.jpg","To Restaurant","French","34 Rue Beaurepaire,75010,Paris","45","9.7","4486","https://www.thefork.com/restaurant/to-restaurant-r650337","Instant MICHELIN €112","YUMS x2","MICHELIN","INSIDER","French",,,,
"https://res.cloudinary.com/tf-lab/image/upload/restaurant/9d0034b7-5b8f-494b-90cd-f1b4243c2184/cb323e84-7450-4d51-ac5a-bfcd8cc5bdc0.jpg","Pizzeria Ristorante Capri","Italian","Estrada do Alfamar- Varzea de Quarteira 953-A,8200-604,Albufeira","15","8.7","710","https://www.thefork.com/restaurant/pizzeria-ristorante-capri-r593541","30% off the 'a la carte' menu","Italian",,,,,,,
"https://res.cloudinary.com/tf-lab/image/upload/restaurant/38a0b39c-57c8-466a-be66-8abf6954586d/e8ec8cdd-575c-4b09-84c2-6ba2daf05142.jpg","Le Puits du Trésor","French","21 Route des 4 Châteaux,11600,Lastours","61","9.6","260","https://www.thefork.com/restaurant/le-puits-du-tresor-r529","Instant MICHELIN €69","YUMS x2","MICHELIN","INSIDER","French",,,,
"https://res.cloudinary.com/tf-lab/image/upload/restaurant/3c5ab9f3-2781-4178-bdf0-d37ad6316a0d/ba2f5522-3004-49ca-82f4-962f93ec7f87.jpg","Lienzo*","Mediterranean","Plaça de Tetuan, 18,46003,Valencia","85","9.7","1448","https://www.thefork.com/restaurant/lienzo-r11323","TRAZOS (Menú del día) |. €60","YUMS x2","MICHELIN","PAY","INSIDER","Gift cards","Mediterranean","Accepting my yums","Welcome"
"https://res.cloudinary.com/tf-lab/image/upload/restaurant/7b05f650-4d2b-4eb6-9758-91482509c26e/47f559d6-883e-45b8-830f-40ce97627a6c.jpg","Donaldo's","European","Av. Infante Dom Henrique 4,8200-261,Albufeira","18","9.5","381","https://www.thefork.com/restaurant/donaldo-s-r384377",,"European","Accepting my yums",,,,,,
"https://res.cloudinary.com/tf-lab/image/upload/restaurant/19ee9500-1aff-40d1-b675-06863fa939e0/9b88068c-3e39-43bd-9fa2-6c39e3923825.jpg","Café Oceano Restaurante","Mediterranean","Largo Cais Herculano nº 12,8200-061,Albufeira","25","9.3","149","https://www.thefork.com/restaurant/cafe-oceano-restaurante-r657093",,"Mediterranean",,,,,,,
"https://res.cloudinary.com/tf-lab/image/upload/restaurant/af1b842a-1244-47ba-b4e8-c427cb048f23/ae3755ae-9093-40fa-bef5-34fb7191f645.jpg","Seven Park Place by William Drabble","French","7-8 Park Place,SW1A 1LS,London","125","9.5","177","https://www.thefork.com/restaurant/seven-park-place-by-william-drabble-r604189","MICHELIN Special £120","YUMS x2","MICHELIN","French","Accepting my yums",,,,
"https://res.cloudinary.com/tf-lab/image/upload/restaurant/56b41e5a-3097-421f-a066-854c07a82e91/ede2d562-7c73-49fa-8056-f4dac837774c.jpg","The Market Restaurant","International","AV SÁ CARNEIRO Nº1,8200-340,Albufeira","25","9.4","668","https://www.thefork.com/restaurant/the-market-restaurant-r307151",,"International",,,,,,,
"https://res.cloudinary.com/tf-lab/image/upload/restaurant/b3f3e6f0-6c56-4de1-9759-ea83731297c5/6d8e1f81-04d9-42f1-aba9-0dff0c8d51c8.jpg","Audrey's","Spanish","Av. Juan Carlos I, 48,03710,Calpe","90","9.4","198","https://www.thefork.com/restaurant/audrey-s-r375595","MICHELIN Special €95","YUMS x2","MICHELIN","INSIDER","Spanish","Welcome",,,
"https://res.cloudinary.com/tf-lab/image/upload/restaurant/4650b80b-a17b-4c6f-9a48-1b6c76d34c45/889bafb5-fbda-4969-ab63-66445578283f.jpg","Gaucho - Leeds","Steakhouse","21-22 Park Row,LS1 5JF,Leeds","41","9.4","98","https://www.thefork.com/restaurant/gaucho-leeds-r602971","TheFork Summer - Exclusive Menu £45","YUMS x2","Steakhouse","Accepting my yums",,,,,
"https://res.cloudinary.com/tf-lab/image/upload/restaurant/96f490e9-c1fc-471f-bba1-412d4788b8f3/4df71245-5cd4-414a-b4aa-da2feb5f9dd2.jpg","Hamburgueria da Baixa Albufeira","Portuguese","Av. dos Descobrimentos 5,8200-285,Albufeira","15","9.3","89","https://www.thefork.com/restaurant/hamburgueria-da-baixa-albufeira-r801494",,"Portuguese",,,,,,,
"https://res.cloudinary.com/tf-lab/image/upload/restaurant/8a5457ee-43c7-42ed-8b86-c7eb8dfbc7bc/3e034bc9-a51b-4619-b7ba-8a0ca9eb753d.jpg","La Bastide","French","84480,84480,Bonnieux","150","9.3","104","https://www.thefork.com/restaurant/la-bastide-r5052","Instant MICHELIN €120","YUMS x2","MICHELIN","INSIDER","PAY","Gift cards","French",,
"https://res.cloudinary.com/tf-lab/image/upload/restaurant/1600d022-9b5d-4a98-9714-88a3dcb9f8a0/78ad39a8-a553-434b-ba5b-d1ea7e0e55d1.jpg","La Table du Caviste Bio","French","55 Rue de Prony,75017,Paris","66","9.4","916","https://www.thefork.com/restaurant/la-table-du-caviste-bio-r302093","Instant MICHELIN €79","YUMS x2","MICHELIN","INSIDER","Eco-friendly","French",,,
"https://res.cloudinary.com/tf-lab/image/upload/restaurant/8b9bdbb7-4c86-41b2-a2d4-36cad17a1854/be284568-6f18-4af1-83a6-5e5bd0479893.jpg","The Silver Birch","British","142 Chiswick High Road,W4 1PU,London","81","9.5","70","https://www.thefork.com/restaurant/the-silver-birch-r723686","MICHELIN Special £81","YUMS x2","MICHELIN","British",,,,,
"https://res.cloudinary.com/tf-lab/image/upload/restaurant/fe397fb7-1999-4d0b-9d4e-5d452c85e1d3/dcd087e4-05fb-4ce2-b484-3424467b19d7.jpg","Yakuza by Olivier - Algarve","Japanese","Estr. das Açoteias - Pine Cliffs,8200-912,Albufeira","60","9.1","459","https://www.thefork.com/restaurant/yakuza-by-olivier-algarve-r635873",,"INSIDER","Japanese",,,,,,
"https://res.cloudinary.com/tf-lab/image/upload/restaurant/d6748a71-c90c-4a3a-882a-28f9e22f6b3d/2af130bf-7cc6-485a-9641-2b295883c8a4.jpg","spice Lounge","Indian","8200-090,8200-090,Albufeira","13","9.3","124","https://www.thefork.com/restaurant/spice-lounge-r342831",,"Indian",,,,,,,
"https://res.cloudinary.com/tf-lab/image/upload/restaurant/8d95c34d-2b44-475f-9050-a844ead872be/8a2f0149-7c51-4a23-b9d1-caa136e89cc3.jpg","Restaurante Paraiso do Algarve","Portuguese","Estr. do Foral,8200-461,Albufeira","20","9.3","234","https://www.thefork.com/restaurant/restaurante-paraiso-do-algarve-r636389",,"Portuguese",,,,,,,
"https://res.cloudinary.com/tf-lab/image/upload/restaurant/e316654c-3282-44b3-9fcb-f2bca71bffd0/09d75591-7169-460e-b148-28089d93984f.jpg","Magenta","Fusion","23 Euston Road,NW1 2SD,London","56","9.3","140","https://www.thefork.com/restaurant/magenta-r744850","MICHELIN Special - Chefs Set Menu £65","YUMS x2","MICHELIN","Fusion","Accepting my yums",,,,
"https://res.cloudinary.com/tf-lab/image/upload/restaurant/20cde32e-d00f-4982-92b1-97af50a97c15/7dcbec5b-1105-4122-9a68-7824831897ba.jpg","L'Accolade","French","18 Rue Porte au Berger,14000,Caen","78","9.1","1277","https://www.thefork.com/restaurant/l-accolade-r75052","Instant MICHELIN €75","YUMS x2","MICHELIN","INSIDER","French",,,,
"https://res.cloudinary.com/tf-lab/image/upload/restaurant/d4627819-b3a6-489d-be76-2e1156f132b2/5c183ff7-5f6d-457f-8fec-61324f49aa9d.jpg","Quelque Part","French","1 Rue Ambroise Thomas,75009,Paris","80","9.5","232","https://www.thefork.com/restaurant/quelque-part-r727585","Instant MICHELIN €98","YUMS x2","MICHELIN","INSIDER","French",,,,
"https://res.cloudinary.com/tf-lab/image/upload/restaurant/24ff2e4d-a67b-47d5-813b-c8f6b039d0f4/d2c130fe-3cb5-43e7-9921-e06ab2de15eb.jpg","Restaurant St Bart's","British","63 Bartholomew Close,EC1A 7BG,London","140","9.8","21","https://www.thefork.com/restaurant/restaurant-st-bart-s-r729528","MICHELIN Special £140","MICHELIN","British","Accepting my yums",,,,,
"https://res.cloudinary.com/tf-lab/image/upload/restaurant/8c708468-52ac-4d1d-8519-cd6a09489c2b/4d23ec7a-2ed0-4bc9-ba35-fba60697c09b.jpg","Paper Moon","Italian","Estrada da Galé,8200-385,Albufeira","30","9.2","199","https://www.thefork.com/restaurant/paper-moon-r730521",,"Italian",,,,,,,
"https://res.cloudinary.com/tf-lab/image/upload/restaurant/33c998ef-b9f2-4a41-bd93-8263529c10fa/76b743e8-ce2c-4479-a9e1-d4b892c4ce00.jpg","Gaucho - Hampstead","Steakhouse","64 Heath Street,NW3 6UG,London","25","9.3","152","https://www.thefork.com/restaurant/gaucho-hampstead-r602989","TheFork Summer - Exclusive Menu £45","YUMS x2","Steakhouse","Accepting my yums",,,,,
"https://res.cloudinary.com/tf-lab/image/upload/restaurant/67684a29-c1f4-4fa5-8fd5-a260a0c10765/9bf23b32-fb2c-4fa4-8e2a-5780b2fb1aba.jpg","Paulus Pizzeria","Italian","Estr. de Santa Eulália,  Edifício Oura Casa Branca - Loja 1,8200-269,Albufeira","25","9.1","401","https://www.thefork.com/restaurant/paulus-pizzeria-r325917",,"Italian",,,,,,,
"https://res.cloudinary.com/tf-lab/image/upload/restaurant/67f24455-a3c9-4a95-8b50-6234e2ad88fa/b49a86fb-5a87-490d-ad75-531e4dc99f19.jpg","Terrazza Del Mare","Italian","R. Alm. Gago Coutinho n.º 31,8200-089,Albufeira","18","9.2","653","https://www.thefork.com/restaurant/terrazza-del-mare-r639581",,"Italian",,,,,,,
"https://res.cloudinary.com/tf-lab/image/upload/restaurant/b8f859f7-2c9d-4ad4-9315-7e69bbfdbba9/94634c3f-7c38-4a6c-ac74-893096c04744.jpg","Johnny Hoopers Saxophone Bistro","International food","R. Almeida Garrett 30,8200-272,Albufeira","29","9.4","279","https://www.thefork.com/restaurant/johnny-hoopers-saxophone-bistro-r326461",,"INSIDER","International food",,,,,,
"https://res.cloudinary.com/tf-lab/image/upload/restaurant/17773e71-d68f-4eed-b310-25d01fff9a31/ee20ece6-4fa8-4844-8073-360a3f753e86.jpg","Castelo Beach Club","Mediterranean","R. da Torre Velha 2,8200-385,Albufeira","22","9.1","213","https://www.thefork.com/restaurant/castelo-beach-club-r731397",,"Mediterranean",,,,,,,
"https://res.cloudinary.com/tf-lab/image/upload/restaurant/bfc5671c-8a7b-4d62-ba68-762f5692abd1/bb398aa6-962e-401f-b4be-2642648a23cd.jpg","Jaipur","Indian","R. Primeiro de Dezembro 28,8200-172,Albufeira","13","9.1","329","https://www.thefork.com/restaurant/jaipur-r343935",,"Indian",,,,,,,
"https://res.cloudinary.com/tf-lab/image/upload/restaurant/e998bc40-d8f9-4159-8d8d-af4e5ab91617/4a66f9f4-0d3b-4eb0-bf82-598bf29a66e9.jpg","AUBERGE LE RELAIS","French","2, rue de Paris,02850,Reuilly-Sauvigny","94","9.6","259","https://www.thefork.com/restaurant/auberge-le-relais-r2842","50% off the 'a la carte' menu","YUMS x2","INSIDER","PAY","Gift cards","French","Accepting my yums",,
"https://res.cloudinary.com/tf-lab/image/upload/restaurant/9287996c-beb6-4e94-80aa-c23aef704218/cc6b8c9f-59d9-4ff9-aa37-1b637b6216c4.jpg","Galvin La Chapelle","French","35 Spital Square,E1 6DY,London","85","9.1","391","https://www.thefork.com/restaurant/galvin-la-chapelle-r632801","MICHELIN Special £110","YUMS x2","MICHELIN","French",,,,,
"https://res.cloudinary.com/tf-lab/image/upload/restaurant/42ab18c7-c7ea-46e4-8568-a2bbeff0d772/0a4fbea9-6e84-4575-aca9-9a1c7eaf8578.jpg","Jardim Rustico","Seafood","Av. Sá Carneiro 185,8200-291,Albufeira","30","8.9","85","https://www.thefork.com/restaurant/jardim-rustico-r804109",,"Seafood",,,,,,,
"https://res.cloudinary.com/tf-lab/image/upload/restaurant/781aca47-ffa1-483b-9679-aa35e34d2ad3/5f4ccdb5-0a10-4675-a355-4bd49bdbfce9.jpg","Alliance","French","5 Rue de Poissy,75005,Paris","156","9.7","843","https://www.thefork.com/restaurant/alliance-r77626","Instant MICHELIN €140","YUMS x2","MICHELIN","INSIDER","PAY","Gift cards","French",,
"https://res.cloudinary.com/tf-lab/image/upload/restaurant/350f99a4-f0ce-4fbf-b128-cafb52eb0807/d5448854-4f36-4231-9761-004902868f48.jpg","Hidmona Genève","Eritrean","Rue du Prieuré,1202,Geneva","35","9.2","430","https://www.thefork.com/restaurant/hidmona-geneve-r582467","50% off the 'a la carte' menu","YUMS x2","Eritrean",,,,,,
"https://res.cloudinary.com/tf-lab/image/upload/restaurant/678e0c93-0d20-4f11-b337-829b984709f8/8de3629f-04a6-4ced-a7e6-918eb1d20789.jpg","Sphère","French","18 Rue la Boétie,75008,Paris","40","9.9","3226","https://www.thefork.com/restaurant/sphere-r733306","MENU CARTE BLANCHE en 4 étapes  €79","YUMS x2","INSIDER","French",,,,,
"https://res.cloudinary.com/tf-lab/image/upload/restaurant/a7e38be5-d010-4dc9-ad8c-9daa81cad9b8/fdbff5db-93d3-438f-afdb-9df5e5a73a7a.jpg","Louro e Salsa","Vegan cuisine","R. de Dunfermline, Lote11F,8200-278,Albufeira","20","8.9","370","https://www.thefork.com/restaurant/louro-e-salsa-r206495",,"Vegan cuisine",,,,,,,
"https://res.cloudinary.com/tf-lab/image/upload/restaurant/990068b8-2eeb-423c-9ea6-be27fb226142/60b1bb92-9897-497d-888c-9a4526a522c7.jpg","Infinity - Sushi & Steakhouse","International","R. São Gonçalo de Lagos,8200-061,Albufeira","26","8.8","24","https://www.thefork.com/restaurant/infinity-sushi-steakhouse-r732202",,"International",,,,,,,
"https://res.cloudinary.com/tf-lab/image/upload/restaurant/889fbde9-b7d0-4e2b-b2ff-8d9e9b2024d4/4bb8feca-1802-468b-80f8-751e17328e82.jpg","Italian Planet Restaurant","Portuguese","Av. da Liberdade 54-56,8200-002,Albufeira","16","8.9","9","https://www.thefork.com/restaurant/italian-planet-restaurant-r732206",,"Portuguese",,,,,,,
"https://res.cloudinary.com/tf-lab/image/upload/restaurant/00f5cb0f-29e2-4e65-ad4f-404c940447f3/ae24149a-031c-4e78-9049-3847c04981d2.jpg","Market Kitchen","International","Estrada da Galé,8200,Albufeira","30","8.7","55","https://www.thefork.com/restaurant/market-kitchen-r730516",,"International",,,,,,,
"https://res.cloudinary.com/tf-lab/image/upload/restaurant/dd012bc3-3437-49b7-8676-effd2344932e/cd381e28-cf36-4ee7-9b6d-c9f33684e894.jpg","Mother India","Indian","Av. dos Descobrimentos,8200,Albufeira","13","8.7","200","https://www.thefork.com/restaurant/mother-india-r405433",,"Indian",,,,,,,
"https://res.cloudinary.com/tf-lab/image/upload/restaurant/73488713-da64-4e1c-90b7-3cdb2089890d/328da0af-f595-4063-870a-3f9c176605c0.jpg","Gaucho - Sloane Square","Steakhouse","89 Sloane Avenue,SW3 3DX,London","27","9.1","130","https://www.thefork.com/restaurant/gaucho-sloane-square-r602967","TheFork Summer - Exclusive Menu £45","YUMS x2","Steakhouse","Accepting my yums",,,,,
"https://res.cloudinary.com/tf-lab/image/upload/restaurant/45983501-77c1-4cab-b97b-cb5644d1fbe4/3428e1dd-7568-431b-b50b-ae0d8c500d4e.jpg","Memórias","Traditional cuisine","R. Miguel Torga,8200-161,Albufeira","25","8.7","323","https://www.thefork.com/restaurant/memorias-r393031",,"Traditional cuisine",,,,,,,
"https://res.cloudinary.com/tf-lab/image/upload/restaurant/9bbf94d3-8a69-49c0-9a2f-b8544d1a7fad/884ef786-9c03-4914-aaa0-6bf0f2bb7d02.jpg","Chocho","American","54 Rue de Paradis,75010,Paris","75","9","433","https://www.thefork.com/restaurant/chocho-r713663","Instant MICHELIN €69","MICHELIN","INSIDER","PAY","Gift cards","American","Accepting my yums",,
"https://res.cloudinary.com/tf-lab/image/upload/restaurant/a2ffe0b3-fb74-4b57-9b36-9cbf98780571/4e8f8db2-12b8-4b5b-8240-a7b93c8aaf5e.jpg","Wild&Co Steakhouse","Steakhouse","Avenida Sá Carneiro,8200-340,Albufeira","30","9","253","https://www.thefork.com/restaurant/wild-co-steakhouse-r285899",,"Steakhouse","Accepting my yums",,,,,,
"https://res.cloudinary.com/tf-lab/image/upload/restaurant/3f10d30b-c5b2-4a52-9948-6beaddf25efd/a6ce79b9-2bae-409f-a1cc-e31d4213803c.jpg","Steakhouse by Real","International","Grande Real Santa Eulália Resort & Hotel SPA,8200-916,Albufeira","27","8.5","48","https://www.thefork.com/restaurant/steakhouse-by-real-r652333",,"International",,,,,,,
"https://res.cloudinary.com/tf-lab/image/upload/restaurant/c4659f52-aaa0-4fa0-a126-5fe9eead6ed6/8f680078-9dd3-4bb7-ab22-0a39e80ea6b2.jpg","Restaurante Ribeiros","Portuguese","Estr. de Santa Eulália,8200-269,Albufeira","16","8.5","37","https://www.thefork.com/restaurant/restaurante-ribeiros-r730107",,"Portuguese",,,,,,,
"https://res.cloudinary.com/tf-lab/image/upload/restaurant/d528903c-6283-4552-94e3-eb623208c3aa/4fb52a31-5322-4454-b301-d5ad80e5f216.jpg","Maricel","Mediterranean","Passeig de la Ribera, 6, Sitges, Spain,08870,Sitges","60","9","612","https://www.thefork.com/restaurant/maricel-r46537","MICHELIN Special €88","YUMS x2","MICHELIN","INSIDER","Mediterranean","Welcome",,,
"https://res.cloudinary.com/tf-lab/image/upload/restaurant/ca169140-2276-497a-a637-e8d3576d3a58/05428e5f-7edd-4b8a-915a-5a519f98fa7d.jpg","Hope Tapas Lounge Bar","Mediterranean","Casa Do Lobo 13, Sítio de Santa Eulalia 8200-037 Albufeira,8200,Albufeira","13","8.7","135","https://www.thefork.com/restaurant/hope-tapas-lounge-bar-r695905",,"Mediterranean",,,,,,,
"https://res.cloudinary.com/tf-lab/image/upload/restaurant/b7d0f048-9e84-4999-a84c-e79d98355100/f8ef30c6-f2e2-480f-bcdd-e2bcc02c36ca.jpg","QUIMBAYA by Edwin Rodríguez","Colombian","Calle de Zurbano, 63,28010,Madrid","95","9.7","431","https://www.thefork.com/restaurant/quimbaya-by-edwin-rodriguez-r575039","Menú Idiosincrasia. €105","MICHELIN","INSIDER","PAY","Gift cards","Colombian","Welcome",,
"https://res.cloudinary.com/tf-lab/image/upload/restaurant/877c059a-6ef4-4cdc-a257-e4cb929af9fc/fecf89c3-2120-4a0d-ac8d-5427e7111817.png","Table Métis - Bistronomie Africaine","Meat Cuisine","40 Rue des Boulets,75011,Paris","60","9.5","511","https://www.thefork.com/restaurant/table-metis-bistronomie-africaine-r407037","50% off the 'a la carte' menu","YUMS x2","INSIDER","PAY","Gift cards","Meat Cuisine",,,
"https://res.cloudinary.com/tf-lab/image/upload/restaurant/3f9d61ac-68ed-4564-81cc-8b6c98437716/cd4e98c6-8a17-42c5-9886-c15502d4c0ca.jpg","Zaranda","Mediterranean","Carrer de Bala Roja, 1,07001,Palma de Mallorca","150","9.7","94","https://www.thefork.com/restaurant/zaranda-r705771","Hipodermis. €130","YUMS x2","MICHELIN","INSIDER","Mediterranean","Accepting my yums","Welcome",,
"https://res.cloudinary.com/tf-lab/image/upload/restaurant/41a305dc-5682-4eea-af36-98bfe44fc51f/f71f6c19-f314-40bd-8af8-96e9fcf8b173.jpg","Texas Grill & Bar","Steakhouse","Av. 25 de Abril B,8200-015,Albufeira","25","8.3","24","https://www.thefork.com/restaurant/texas-grill-bar-r755354",,"Steakhouse",,,,,,,
"https://res.cloudinary.com/tf-lab/image/upload/restaurant/f6590159-2f9c-49a3-b604-bdc1346fb5d2/90d06626-1e62-4898-b87d-5628aa8d7daa.jpg","Xerém Restaurante","Regional","8200,8200,Albufeira","24","8.7","171","https://www.thefork.com/restaurant/xerem-restaurante-r735118",,"Regional","Accepting my yums",,,,,,
"https://res.cloudinary.com/tf-lab/image/upload/restaurant/c2e482ee-d5dd-4703-bbd2-0f1e84f9e1b2/37373bd8-90ce-4886-9cdd-c6468b2375b3.jpg","Haché - Balham","European","37 Bedford Hill,SW12 9EY,London","25","10","5","https://www.thefork.com/restaurant/hache-balham-r665825",,"YUMS x2","European",,,,,,
"https://res.cloudinary.com/tf-lab/image/upload/restaurant/347082f4-a75b-458d-9ba8-da3370394d71/8423c9d5-36d2-4f3f-a35c-afa61c33ee9a.jpg","Harajuku Gastro Sushi","Japanese","Carrer de Joan Crespí, 36,07014,Palma de Mallorca","20","9.4","621","https://www.thefork.com/restaurant/harajuku-gastro-sushi-r725824","30% off the 'a la carte' menu","PAY","Gift cards","Japanese","Welcome",,,,
"https://res.cloudinary.com/tf-lab/image/upload/restaurant/50190c02-f6a0-45c7-9272-273f19f534d2/673b4c4c-1a68-49f5-967c-217ef2fc1460.jpg","Ge'ez restaurant","Eritrean","Av. Victor-Ruffy 39,1012,Lausanne","30","9.3","153","https://www.thefork.com/restaurant/ge-ez-restaurant-r756313","30% off the 'a la carte' menu","YUMS x2","Eritrean",,,,,,
"https://res.cloudinary.com/tf-lab/image/upload/restaurant/10dff2fc-4209-40b2-b3d7-05b5bc5ecbf6/ece4160b-919e-46bb-b394-c0bbd3c74fbb.jpg","Atelier Fine Bouche","French","6 Route de Valbonne,06110,Le Cannet","89","9.8","378","https://www.thefork.com/restaurant/atelier-fine-bouche-r591231","30% off the 'a la carte' menu","YUMS x2","INSIDER","PAY","Gift cards","French","Accepting my yums",,
"https://res.cloudinary.com/tf-lab/image/upload/restaurant/f2bc85a5-b0e6-46af-8131-c37f0d5105fd/568f4eb4-e679-4976-b10b-652b66da9f29.jpg","Os Gregos","Greek","Av. da Liberdade 158,8200-002,Albufeira","15","8.5","80","https://www.thefork.com/restaurant/os-gregos-r583727",,"Greek",,,,,,,
"https://res.cloudinary.com/tf-lab/image/upload/restaurant/bca2c752-0887-4d4c-b195-f0402d7c1ef5/3eedaa18-95b2-4cd7-b2b5-ee34e5efb310.jpg","Tosca","Italian","20 Rue du Cirque,75008,Paris","105","9.5","493","https://www.thefork.com/restaurant/tosca-r327863","Instant MICHELIN €89","YUMS x2","MICHELIN","INSIDER","PAY","Gift cards","Italian",,
"https://res.cloudinary.com/tf-lab/image/upload/restaurant/914e610b-cb38-4cb4-91e7-df909fd3522e/27254e4e-7d45-4aed-a306-df1a148387c2.jpg","Bbar","European","43 Buckingham Palace Road,SW1W 0PP,London","35","8.7","113","https://www.thefork.com/restaurant/bbar-r660083","Christmas menu £45","YUMS x2","European",,,,,,
"https://res.cloudinary.com/tf-lab/image/upload/restaurant/dee6a732-8d1a-464b-b776-ef4a04a7adca/11083dbd-4534-4f28-99d7-997c1dfdd56d.jpg","Delicate' Gastrobar","European","30 Crouch Hill,N4 4AU,London","25","9.8","38","https://www.thefork.com/restaurant/delicate-gastrobar-r804061","30% off the 'a la carte' menu","YUMS x2","European","Accepting my yums",,,,,
"https://res.cloudinary.com/tf-lab/image/upload/restaurant/e263f6e2-2d96-4e3d-aa90-e8d542c30d52/c871b3c2-0ca2-480a-9fd3-ffe51f50f156.jpg","Agapé","French","51 Rue Jouffroy d'Abbans,75017,Paris","129","8.8","1901","https://www.thefork.com/restaurant/agape-r1923","Instant MICHELIN €95","YUMS x2","MICHELIN","INSIDER","Gift cards","French","Accepting my yums",,
"https://res.cloudinary.com/tf-lab/image/upload/restaurant/2b70309d-82a4-45e2-ba2f-267657f2d3b3/ec453b9e-b885-4ff3-8dbf-44257ffd3f89.jpg","L'Aurora Italian Place","Italian","Rle de la Vinaigrerie 4,1207,Geneva","60","9.5","348","https://www.thefork.com/restaurant/l-aurora-italian-place-r746200","20% off the 'a la carte' menu","YUMS x2","INSIDER","Italian",,,,,
"https://res.cloudinary.com/tf-lab/image/upload/restaurant/216b3de1-9622-4cf9-89f7-2887c3c92e1b/567fdbd3-47a6-4bdb-b976-d2c346dfea12.jpg","Lumbini","Indian","Rua da Esperança - 42,1200-658,Lisboa","13","9.1","1150","https://www.thefork.com/restaurant/lumbini-r626181","-30% sobre a ementa!","YUMS x2","Indian",,,,,,
"https://res.cloudinary.com/tf-lab/image/upload/restaurant/b2667e58-d630-47fd-9c7e-185f9558974d/f5e32499-ea18-46ed-9652-0b143b066244.jpg","Le Goût - L'arte dei sapori","Campano","Via S. Gennaro, 89,81100,Caserta","25","9.5","595","https://www.thefork.com/restaurant/le-gout-l-arte-dei-sapori-r723294","50% off food","YUMS x2","INSIDER","PAY","Gift cards","Campano","Accepting my yums",,
"https://res.cloudinary.com/tf-lab/image/upload/restaurant/d448df28-69cd-4ff8-9bf4-c409415b0fc0/1ed81f5c-d74b-4149-8698-f8530eaa4fdd.jpg","El Invernadero de Rodrigo de la Calle","Mediterranean","C. de Ponzano, 85,28003,Madrid","160","9.9","31","https://www.thefork.com/restaurant/el-invernadero-de-rodrigo-de-la-calle-r745447","Menú #Rojo €145","MICHELIN","PAY","Gift cards","Mediterranean","Welcome",,,
"https://res.cloudinary.com/tf-lab/image/upload/restaurant/22022bd0-aaa8-457d-b7fd-b98a10a32b53/becb57e3-d275-4519-9af1-3b04e537c157.jpg","Atypical Gourmet Restaurant - Solo menù degustazione","Italian","Via Teatro, 22-24,10072,Caselle Torinese","35","9.8","2614","https://www.thefork.com/restaurant/atypical-gourmet-restaurant-solo-menu-degustazione-r51929","40% off food","YUMS x2","INSIDER","PAY","Gift cards","Italian","Accepting my yums",,
"https://res.cloudinary.com/tf-lab/image/upload/restaurant/6c7243a1-0f3b-4ac9-bf77-91ba5f7f2a1d/87527dc1-9b50-4d43-8238-6b56a75146de.png","The Sushi Co - Waterloo","Japanese","89 Lower Marsh,SE1 7AB,London","17","9.1","11","https://www.thefork.com/restaurant/the-sushi-co-waterloo-r806357","30% off the 'a la carte' menu","YUMS x2","Japanese","Accepting my yums",,,,,
"https://res.cloudinary.com/tf-lab/image/upload/restaurant/655911d5-eac0-469a-968f-14f71eb79a0d/d4bdf6e7-521f-461d-b2aa-9a2ff14ba85d.jpg","WELKHOMEclub","Fusion","Calle del Monte Esquinza, 15,28010,Madrid","23","9.3","7532","https://www.thefork.com/restaurant/welkhomeclub-r489833","50% off the 'a la carte' menu","YUMS x2","PAY","Gift cards","Fusion","Welcome",,,
"https://res.cloudinary.com/tf-lab/image/upload/restaurant/9065397f-f126-49f3-9fc5-75b86997556e/a9c757f0-ec99-42e3-a1ee-eeeb5893f38b.jpg","La Bicicleta",,"La Pl., 12,39716,Hoznayo, Cantabria","135","9.8","21","https://www.thefork.com/restaurant/la-bicicleta-r755962","La Vuelta €125","YUMS x2","MICHELIN","PAY","Gift cards","Welcome",,,
"https://res.cloudinary.com/tf-lab/image/upload/restaurant/a7a01e4c-6a7e-4e50-831f-ee6c160e4895/2da4cca9-4940-49e6-aba0-db6839cdcb1e.jpg","Chez Maman","Swiss","Rampe Quidort 2,CH-1227,Genève","81","9.5","2070","https://www.thefork.com/restaurant/chez-maman-r77605","20% off the 'a la carte' menu","YUMS x2","INSIDER","Swiss",,,,,
"https://res.cloudinary.com/tf-lab/image/upload/restaurant/f4cfa631-02ad-4908-8b06-2a2c7d1ede53/aa1b5861-f4d9-41d9-8771-0f1fc55a24e4.jpg","Amfora vinbar","International","Regeringsgatan 111,111 39,Stockholm","250","9","3143","https://www.thefork.com/restaurant/amfora-vinbar-r616935","50% off the 'a la carte' menu","YUMS x2","INSIDER","International","Accepting my yums",,,,
"https://res.cloudinary.com/tf-lab/image/upload/restaurant/5fb97c75-c802-4fad-ae51-1b52fbb4b4a7/5790483c-d96b-4fb9-aaf3-6683aadd2917.jpg","Orogiallo Bistrot","Mediterranean","Via Pietro de Ciccio, 4,84013,Cava de' Tirreni","40","9.3","801","https://www.thefork.com/restaurant/orogiallo-bistrot-r711766","50% off food","YUMS x2","INSIDER","PAY","Gift cards","Mediterranean",,,
"https://res.cloudinary.com/tf-lab/image/upload/restaurant/ce8ed7ed-70b0-41ec-b27a-d7c111e2cde4/8c8d29cb-5027-4ebe-87c9-920db38643bb.jpg","Central Planet Restaurant Grill","Portuguese","Av. da Liberdade 44,8200-002,Albufeira","14","8","30","https://www.thefork.com/restaurant/central-planet-restaurant-grill-r732209",,"Portuguese",,,,,,,
"https://res.cloudinary.com/tf-lab/image/upload/restaurant/50b55c35-70d3-450f-9239-42b5fa490b5a/4e064682-2c69-479a-9d39-b117975e65c1.jpg","Black Bottle","Meat Cuisine","116-118 Darlinghurst Road,2010,Darlinghurst (NSW)","60","9.5","396","https://www.thefork.com/restaurant/black-bottle-r535331","New Year's Eve Dinner Menu A$148","YUMS x2","INSIDER","Meat Cuisine","Accepting my yums",,,,
"https://res.cloudinary.com/tf-lab/image/upload/restaurant/0ff3f235-efc2-4e76-873c-d410edf20956/ef1c4cf3-6d7f-43cb-a672-47aebca3dca0.jpg","RoseMar","Veneziano","Via Zara, 1,30016,Lido di Jesolo","45","9.6","297","https://www.thefork.com/restaurant/rosemar-r736223","20% off food","YUMS x2","INSIDER","PAY","Gift cards","Veneziano",,,
"https://res.cloudinary.com/tf-lab/image/upload/restaurant/586f78de-1f8f-4fe4-8d34-3779709bbeca/7b534518-ed7e-4c73-b082-ffb6a2d9fc28.jpg","Italian Republic - Albufeira","Italian","R. Ramalho Ortigão 11,8200-340,Albufeira","15","9.2","1396","https://www.thefork.com/restaurant/italian-republic-albufeira-r434481",,"Italian",,,,,,,
"https://res.cloudinary.com/tf-lab/image/upload/restaurant/b661be9b-52ef-4ea4-a82e-1a26a9abf57a/9ccb78de-6a20-4960-b210-4a96328ab020.jpg","SolGamba","European","R. do Ténis 3,8200-186,Albufeira","25","8.9","102","https://www.thefork.com/restaurant/solgamba-r689089",,"European",,,,,,,
"https://res.cloudinary.com/tf-lab/image/upload/restaurant/90644b4a-3d2f-4a51-bc31-dd87ebd7c32b/87a9fb18-7a7b-44a0-b045-eca2f42a60c1.jpg","Le Parigò di Salvatore Lega","Italian","Via Duca degli Abruzzi, 65A,73048,Nardò","26","9.3","268","https://www.thefork.com/restaurant/le-parigo-di-salvatore-lega-r744761","50% off food","YUMS x2","PAY","Gift cards","Italian",,,,
"https://res.cloudinary.com/tf-lab/image/upload/restaurant/48f3dbd2-457d-40e5-b32b-77c5b73ae02f/5d5de408-be0d-44a4-8823-b26ba89910e8.jpg","O Barril","Portuguese","Urb. os quintalões, lote 1, vale sta. maria,8200,Albufeira","11","9.3","129","https://www.thefork.com/restaurant/o-barril-r689837",,"Portuguese",,,,,,,
"https://res.cloudinary.com/tf-lab/image/upload/restaurant/e86ac8b8-9190-461f-a1b2-179ec59f75ad/b8905a61-e77c-430c-9353-1370d667e3c3.jpg","Casa Nostra","Italian","Av. 25 de Abril,8200-012,Albufeira","19","8.2","39","https://www.thefork.com/restaurant/casa-nostra-r755356",,"Italian",,,,,,,
"https://res.cloudinary.com/tf-lab/image/upload/restaurant/f379aec3-c54c-4b79-bfbd-f32c6720e8e2/a9d8cfb9-b3fb-48b1-8b5d-4e0b3d7667e2.jpg","Grill en Oven","Portuguese","Av. Sá Carneiro 35,8200-385,Albufeira","15",,"40","https://www.thefork.com/restaurant/grill-en-oven-r572301",,"Portuguese",,,,,,,
"https://res.cloudinary.com/tf-lab/image/upload/restaurant/12f4a75b-bd41-493f-aad0-5490ae847973/d800fda0-aee2-46ce-8c53-b8857c03421a.jpg","Vino by Paper Moon","Italian","Estrada da Galé,8200-385,Albufeira","40","9.3","3","https://www.thefork.com/restaurant/vino-by-paper-moon-r804171",,"Italian",,,,,,,
"https://res.cloudinary.com/tf-lab/image/upload/restaurant/55a8b487-6bcc-41c1-9de2-09634ab40442/9f4a1f74-5192-4c41-ab5b-db27f67cdb1b.jpg","Atlântico","Portuguese","R. Gen. Humberto Delgado 30,8200-447,Albufeira","16","8.6","71","https://www.thefork.com/restaurant/atlantico-r731195",,"Portuguese",,,,,,,
"https://res.cloudinary.com/tf-lab/image/upload/restaurant/31a7e404-dd71-443c-9e2d-9a8c3fee24be/bda46a5a-392b-4c91-ae1e-384c5a2fef8f.jpg","Il Basilico Algarve","Italian","PortoBay Falésia - Quinta do Milharó - Olhos de Água,8200-591,Albufeira","23","9","92","https://www.thefork.com/restaurant/il-basilico-algarve-r737426",,"Italian",,,,,,,
"https://res.cloudinary.com/tf-lab/image/upload/restaurant/a780631e-a823-49d2-b7ab-3d3c9cb73018/d8f2e7dc-a9c1-419c-bdaa-dc96706809de.jpg","Ramos","European","Av. Sá Carneiro, 31,8200-340,Albufeira","15",,"92","https://www.thefork.com/restaurant/ramos-r389931",,"European",,,,,,,
"https://res.cloudinary.com/tf-lab/image/upload/restaurant/048bebcd-644e-474c-adf4-56754798cd0f/b4509c63-9958-4462-a613-7f79104972d9.jpg","Alecrim","Mediterranean","R. Alexandre O'Neil, Jupiter Albufeira Hotel,8200-343,Albufeira","25",,"9","https://www.thefork.com/restaurant/alecrim-r681997",,"Mediterranean",,,,,,,
"https://res.cloudinary.com/tf-lab/image/upload/restaurant/d7bfc5cd-3c1b-4398-a4a2-762f3d8cb4c4/3b52bd30-c163-45e9-9907-e1e4b4f6ddb9.jpg","Uzonj","Mediterranean","8200-278,8200-278,Albufeira","25","8.7","291","https://www.thefork.com/restaurant/uzonj-r65222",,"Mediterranean",,,,,,,
"https://res.cloudinary.com/tf-lab/image/upload/restaurant/891d595d-5064-4115-9cc6-3a9c6f4f18fb/040ba761-74e2-4262-a0b9-b0ef14dc0ef5.jpg","A Taberna ","Portuguese","Rua Alexandre O'Neill,8200-343,Albufeira","43",,"1","https://www.thefork.com/restaurant/a-taberna-r706709",,"Portuguese",,,,,,,
"https://res.cloudinary.com/tf-lab/image/upload/restaurant/095216a3-e8f1-4005-82d6-2cc6d81ac9d9/55474d6b-014d-436d-a445-0dd5fb9b9866.jpg","UDDO","Japanese","EPIC SANA Algarve Hotel - Pinhal do Concelho, Praia da Falésia,8200-593,Albufeira","45","9","107","https://www.thefork.com/restaurant/uddo-r705933",,"Japanese",,,,,,,
"https://res.cloudinary.com/tf-lab/image/upload/restaurant/a72e0b61-ab9d-4d1c-9542-a081df13a79a/c7455099-1634-4790-a799-e8b965d5a7c0.jpg","Open Deck ","Portuguese","EPIC SANA Algarve Hotel Pinhal do Concelho, Praia da Falésia, Olhos de Água,8200-593,Albufeira","33",,"10","https://www.thefork.com/restaurant/open-deck-r498585",,"Portuguese",,,,,,,
"https://res.cloudinary.com/tf-lab/image/upload/restaurant/36355b98-1639-4db4-b9ab-21984d990de4/0515d2d1-48b4-4f54-a6c3-a1e9e1067914.jpg","Hébé","Mediterranean","15 Rue Frédéric Sauton,75005,Paris","50","9.3","698","https://www.thefork.com/restaurant/hebe-r425587","30% off the 'a la carte' menu","YUMS x2","PAY","Gift cards","Mediterranean",,,,
"https://res.cloudinary.com/tf-lab/image/upload/restaurant/4dd8ab49-ca67-4118-a694-08b42f6446a5/520e6c71-c260-4001-84fe-685a4bf01614.jpg","Adega do David","Portuguese","R. Fernão de Magalhães 16,8200-260,Albufeira","18","8.2","74","https://www.thefork.com/restaurant/adega-do-david-r342331",,"Portuguese",,,,,,,
"https://res.cloudinary.com/tf-lab/image/upload/restaurant/b25bb6a8-e25d-4fc5-89b5-6b6d279486f4/5bafa5bc-fc80-472f-b736-0815c34aeee2.jpg","Lima","Vegetarian","EPIC SANA Algarve Hotel Pinhal do Concelho, Praia da Falésia, Olhos de Água,8200-593,Albufeira","40","8.8","145","https://www.thefork.com/restaurant/lima-r498601",,"Vegetarian",,,,,,,
"https://res.cloudinary.com/tf-lab/image/upload/restaurant/85fc7484-9808-4faa-a63c-bc8a44c33641/9ae951e8-7e8c-437d-9503-0a223bb350b9.jpg","Curry Leaves","Indian","Estr. de Santa Eulália, Edificio Oura Branca, lote 6, loja 11,8200-269,Albufeira","18","8.9","13","https://www.thefork.com/restaurant/curry-leaves-r657123",,"Indian",,,,,,,
"https://res.cloudinary.com/tf-lab/image/upload/restaurant/1f8e0a35-549f-4127-bb70-1b0ff06f755d/33d2cd8c-f8f4-4a11-a982-88666555ee81.jpg","Taverna Olhos D'Água","Mediterranean","R. Torre da Medronheira 1,8200-650,Olhos de Água","15","8.8","64","https://www.thefork.com/restaurant/taverna-olhos-d-agua-r756109",,"Mediterranean",,,,,,,
"https://res.cloudinary.com/tf-lab/image/upload/restaurant/41a88ce3-53ce-4ed8-842f-1aa631f5a264/b6796e39-ebdb-4ca4-a2ff-c1d0e38f2c7a.jpg","Tasca da Cascata","Mediterranean","R. de Dunfermline, Lote 12,8200-284,Albufeira","13","4","4","https://www.thefork.com/restaurant/tasca-da-cascata-r714221",,"Mediterranean",,,,,,,
"https://res.cloudinary.com/tf-lab/image/upload/restaurant/eabd3a9d-aea0-4990-94ab-4463bbb9dc98/670032f9-ee24-4c00-8457-76c18cf9164a.jpg","Frank's","European","Urbanizaçao Vila Praia, Rua Torre da Medronheira 1,8200-635,Albufeira","37","9.4","209","https://www.thefork.com/restaurant/frank-s-r735677",,"INSIDER","European",,,,,,
"https://res.cloudinary.com/tf-lab/image/upload/restaurant/5cc09da2-8e6f-4575-8067-1b54f4355538/08526547-10e4-4699-bbb9-097b55b967d7.png","Alisios Terraço","Mediterranean","Av. Infante Dom Henrique 83,8200-916,Albufeira","40","8.9","80","https://www.thefork.com/restaurant/alisios-terraco-r466777",,"Mediterranean",,,,,,,
"https://res.cloudinary.com/tf-lab/image/upload/restaurant/0dcda40f-10be-45b9-84a6-259f6de5b5b3/64cbf8a3-3040-498a-a3a9-8741cc50f7df.jpg","L'Huîtrier","French","16, rue Saussier Leroy,75017,Paris","75","9.5","954","https://www.thefork.com/restaurant/l-huitrier-r1398","20% off the 'a la carte' menu","YUMS x2","INSIDER","French",,,,,
"https://res.cloudinary.com/tf-lab/image/upload/restaurant/71ce6516-edb2-4aa4-8037-7c16f744aba3/e1ed75c3-44e0-48b1-8c6e-78c8ab24c7c8.jpg","Di São Paulo - Esfiharia & Pizzaria","Italian","Beco Vitorino Nemésio,8200-291,Albufeira","13","9.2","26","https://www.thefork.com/restaurant/di-sao-paulo-esfiharia-pizzaria-r752467",,"Italian",,,,,,,
