,tags/0,tags/1,tags/2,tags/3,tags/4,tags/5,tags/6,tags/7
0,YUMS x2,International food,,,,,,
1,International food,,,,,,,
2,Japanese,,,,,,,
3,Indian,,,,,,,
4,Portuguese,,,,,,,
5,YUMS x2,Italian,,,,,,
6,Pizzeria,,,,,,,
7,YUMS x2,International food,,,,,,
8,Portuguese,,,,,,,
9,MICHELIN,INSIDER,Portuguese,,,,,
10,International,,,,,,,
11,International,,,,,,,
12,Mediterranean,,,,,,,
13,Fusion,,,,,,,
14,Portuguese,,,,,,,
15,INSIDER,Japanese,,,,,,
16,Mediterranean,,,,,,,
17,INSIDER,Portuguese,,,,,,
18,Nepalese,,,,,,,
19,YUMS x2,Italian,,,,,,
20,YUMS x2,MICHELIN,INSIDER,French,,,,
21,Portuguese,,,,,,,
22,YUMS x2,MICHELIN,INSIDER,French,,,,
23,Italian,,,,,,,
24,YUMS x2,MICHELIN,INSIDER,French,,,,
25,YUMS x2,MICHELIN,PAY,INSIDER,Gift cards,Mediterranean,Accepting my yums,Welcome
26,European,Accepting my yums,,,,,,
27,Mediterranean,,,,,,,
28,YUMS x2,MICHELIN,French,Accepting my yums,,,,
29,International,,,,,,,
30,YUMS x2,MICHELIN,INSIDER,Spanish,Welcome,,,
31,YUMS x2,Steakhouse,Accepting my yums,,,,,
32,Portuguese,,,,,,,
33,YUMS x2,MICHELIN,INSIDER,PAY,Gift cards,French,,
34,YUMS x2,MICHELIN,INSIDER,Eco-friendly,French,,,
35,YUMS x2,MICHELIN,British,,,,,
36,INSIDER,Japanese,,,,,,
37,Indian,,,,,,,
38,Portuguese,,,,,,,
39,YUMS x2,MICHELIN,Fusion,Accepting my yums,,,,
40,YUMS x2,MICHELIN,INSIDER,French,,,,
41,YUMS x2,MICHELIN,INSIDER,French,,,,
42,MICHELIN,British,Accepting my yums,,,,,
43,Italian,,,,,,,
44,YUMS x2,Steakhouse,Accepting my yums,,,,,
45,Italian,,,,,,,
46,Italian,,,,,,,
47,INSIDER,International food,,,,,,
48,Mediterranean,,,,,,,
49,Indian,,,,,,,
50,YUMS x2,INSIDER,PAY,Gift cards,French,Accepting my yums,,
51,YUMS x2,MICHELIN,French,,,,,
52,Seafood,,,,,,,
53,YUMS x2,MICHELIN,INSIDER,PAY,Gift cards,French,,
54,YUMS x2,Eritrean,,,,,,
55,YUMS x2,INSIDER,French,,,,,
56,Vegan cuisine,,,,,,,
57,International,,,,,,,
58,Portuguese,,,,,,,
59,International,,,,,,,
60,Indian,,,,,,,
61,YUMS x2,Steakhouse,Accepting my yums,,,,,
62,Traditional cuisine,,,,,,,
63,MICHELIN,INSIDER,PAY,Gift cards,American,Accepting my yums,,
64,Steakhouse,Accepting my yums,,,,,,
65,International,,,,,,,
66,Portuguese,,,,,,,
67,YUMS x2,MICHELIN,INSIDER,Mediterranean,Welcome,,,
68,Mediterranean,,,,,,,
69,MICHELIN,INSIDER,PAY,Gift cards,Colombian,Welcome,,
70,YUMS x2,INSIDER,PAY,Gift cards,Meat Cuisine,,,
71,YUMS x2,MICHELIN,INSIDER,Mediterranean,Accepting my yums,Welcome,,
72,Steakhouse,,,,,,,
73,Regional,Accepting my yums,,,,,,
74,YUMS x2,European,,,,,,
75,PAY,Gift cards,Japanese,Welcome,,,,
76,YUMS x2,Eritrean,,,,,,
77,YUMS x2,INSIDER,PAY,Gift cards,French,Accepting my yums,,
78,Greek,,,,,,,
79,YUMS x2,MICHELIN,INSIDER,PAY,Gift cards,Italian,,
80,YUMS x2,European,,,,,,
81,YUMS x2,European,Accepting my yums,,,,,
82,YUMS x2,MICHELIN,INSIDER,Gift cards,French,Accepting my yums,,
83,YUMS x2,INSIDER,Italian,,,,,
84,YUMS x2,Indian,,,,,,
85,YUMS x2,INSIDER,PAY,Gift cards,Campano,Accepting my yums,,
86,MICHELIN,PAY,Gift cards,Mediterranean,Welcome,,,
87,YUMS x2,INSIDER,PAY,Gift cards,Italian,Accepting my yums,,
88,YUMS x2,Japanese,Accepting my yums,,,,,
89,YUMS x2,PAY,Gift cards,Fusion,Welcome,,,
90,YUMS x2,MICHELIN,PAY,Gift cards,Welcome,,,
91,YUMS x2,INSIDER,Swiss,,,,,
92,YUMS x2,INSIDER,International,Accepting my yums,,,,
93,YUMS x2,INSIDER,PAY,Gift cards,Mediterranean,,,
94,Portuguese,,,,,,,
95,YUMS x2,INSIDER,Meat Cuisine,Accepting my yums,,,,
96,YUMS x2,INSIDER,PAY,Gift cards,Veneziano,,,
97,Italian,,,,,,,
98,European,,,,,,,
99,YUMS x2,PAY,Gift cards,Italian,,,,
100,Portuguese,,,,,,,
101,Italian,,,,,,,
102,Portuguese,,,,,,,
103,Italian,,,,,,,
104,Portuguese,,,,,,,
105,Italian,,,,,,,
106,European,,,,,,,
107,Mediterranean,,,,,,,
108,Mediterranean,,,,,,,
109,Portuguese,,,,,,,
110,Japanese,,,,,,,
111,Portuguese,,,,,,,
112,YUMS x2,PAY,Gift cards,Mediterranean,,,,
113,Portuguese,,,,,,,
114,Vegetarian,,,,,,,
115,Indian,,,,,,,
116,Mediterranean,,,,,,,
117,Mediterranean,,,,,,,
118,INSIDER,European,,,,,,
119,Mediterranean,,,,,,,
120,YUMS x2,INSIDER,French,,,,,
121,Italian,,,,,,,
122,Pizzeria,,,,,,,
123,International,,,,,,,
124,Portuguese,,,,,,,
125,Italian,,,,,,,
126,INSIDER,Japanese,,,,,,
127,INSIDER,Traditional cuisine,,,,,,
128,International,,,,,,,
129,Mediterranean,,,,,,,
130,Mediterranean,,,,,,,
131,Varied,,,,,,,
132,Italian,,,,,,,
133,European,,,,,,,
134,Varied,,,,,,,
135,Italian,,,,,,,
136,Portuguese,,,,,,,
137,Pizzeria,Welcome,,,,,,
138,Mediterranean,,,,,,,
139,YUMS x2,Varied,,,,,,
140,International,,,,,,,
141,Portuguese,,,,,,,
142,Mediterranean,,,,,,,
143,Pizzeria,,,,,,,
144,Portuguese,,,,,,,
145,Portuguese,,,,,,,
146,Grilled,,,,,,,
147,Varied,,,,,,,
148,European,,,,,,,
149,Mediterranean,,,,,,,
150,INSIDER,Portuguese,,,,,,
151,MICHELIN,INSIDER,International food,Accepting my yums,,,,
152,Italian,,,,,,,
153,Italian,,,,,,,
154,Portuguese,,,,,,,
155,Italian,,,,,,,
156,International,,,,,,,
157,Mediterranean,,,,,,,
158,Pizzeria,,,,,,,
159,Mediterranean,,,,,,,
160,Thai,,,,,,,
161,Portuguese,,,,,,,
162,INSIDER,International food,,,,,,
163,INSIDER,Portuguese,,,,,,
164,Traditional cuisine,,,,,,,
165,Italian,,,,,,,
166,Mexican,,,,,,,
167,YUMS x2,International,,,,,,
168,INSIDER,Portuguese,,,,,,
169,YUMS x2,INSIDER,Indian,,,,,
170,Local,,,,,,,
171,YUMS x2,Asian,,,,,,
172,Varied,,,,,,,
173,YUMS x2,Traditional cuisine,,,,,,
174,Seafood,,,,,,,
175,INSIDER,Portuguese,,,,,,
176,Steakhouse,,,,,,,
177,International food,,,,,,,
178,Steakhouse,,,,,,,
179,Steakhouse,,,,,,,
180,MICHELIN,INSIDER,International food,,,,,
181,Pizzeria,,,,,,,
182,INSIDER,European,,,,,,
183,Portuguese,,,,,,,
184,YUMS x2,Portuguese,,,,,,
185,YUMS x2,Mediterranean,,,,,,
186,Greek,,,,,,,
187,Indian,,,,,,,
188,YUMS x2,INSIDER,European,,,,,
189,International,,,,,,,
190,Japanese,,,,,,,
191,French,Accepting my yums,,,,,,
192,Italian,,,,,,,
193,Portuguese,,,,,,,
194,Portuguese,,,,,,,
195,INSIDER,International food,,,,,,
196,Portuguese,,,,,,,
197,Steakhouse,,,,,,,
198,International,,,,,,,
199,INSIDER,Thai,,,,,,
200,Portuguese,,,,,,,
201,International,Accepting my yums,,,,,,
202,Italian,,,,,,,
203,International,,,,,,,
204,International food,,,,,,,
205,Portuguese,,,,,,,
206,Nepalese,,,,,,,
207,MICHELIN,INSIDER,European,,,,,
208,INSIDER,Steakhouse,,,,,,
209,INSIDER,Portuguese,,,,,,
210,Portuguese,,,,,,,
211,International,,,,,,,
212,INSIDER,Asian,,,,,,
213,International,,,,,,,
214,Fusion,,,,,,,
215,European,,,,,,,
216,Japanese,,,,,,,
217,Portuguese,,,,,,,
218,Portuguese,,,,,,,
219,Japanese,,,,,,,
220,Japanese,,,,,,,
221,Portuguese,,,,,,,
222,Mediterranean,,,,,,,
223,INSIDER,Mediterranean,,,,,,
224,MICHELIN,INSIDER,Portuguese,,,,,
225,Italian,Accepting my yums,,,,,,
226,Traditional cuisine,,,,,,,
227,INSIDER,International food,,,,,,
228,International,,,,,,,
229,Regional,,,,,,,
230,Japanese,,,,,,,
231,INSIDER,Mediterranean,,,,,,
232,Mediterranean,,,,,,,
233,Pizzeria,,,,,,,
234,Steakhouse,Accepting my yums,,,,,,
235,INSIDER,Steakhouse,,,,,,
236,Vegan cuisine,,,,,,,
237,Steakhouse,,,,,,,
238,Portuguese,,,,,,,
239,Japanese,,,,,,,
240,Mediterranean,,,,,,,
241,Portuguese,Accepting my yums,,,,,,
242,Pizzeria,,,,,,,
243,Portuguese,,,,,,,
244,Portuguese,Accepting my yums,,,,,,
245,European,,,,,,,
246,Portuguese,,,,,,,
247,Portuguese,,,,,,,
248,International food,,,,,,,
249,Fusion,,,,,,,
250,Portuguese,,,,,,,
251,Mediterranean,,,,,,,
252,Portuguese,Accepting my yums,,,,,,
253,Italian,,,,,,,
254,Mediterranean,,,,,,,
255,Mediterranean,,,,,,,
256,Portuguese,,,,,,,
257,INSIDER,South American,,,,,,
258,Mediterranean,,,,,,,
259,Thai,,,,,,,
260,INSIDER,Portuguese,,,,,,
261,Mediterranean,,,,,,,
262,Regional,,,,,,,
263,Seafood,,,,,,,
264,Local,,,,,,,
265,International,Accepting my yums,,,,,,
266,Portuguese,,,,,,,
267,Portuguese,,,,,,,
268,Portuguese,,,,,,,
269,YUMS x2,European,,,,,,
270,Japanese,,,,,,,
271,INSIDER,Thai,,,,,,
272,YUMS x2,INSIDER,European,,,,,
273,Portuguese,,,,,,,
274,YUMS x2,INSIDER,Italian,,,,,
275,Mediterranean,,,,,,,
276,Portuguese,,,,,,,
277,International,,,,,,,
278,YUMS x2,International,,,,,,
279,INSIDER,Mediterranean,,,,,,
280,Portuguese,,,,,,,
281,International,,,,,,,
282,Indian,,,,,,,
283,Traditional cuisine,,,,,,,
284,Mediterranean,,,,,,,
285,INSIDER,Steakhouse,,,,,,
286,Mediterranean,,,,,,,
287,Mediterranean,,,,,,,
288,Pub grub,,,,,,,
289,Seafood,,,,,,,
290,Portuguese,,,,,,,
291,Italian,,,,,,,
292,Mexican,,,,,,,
293,Mediterranean,,,,,,,
294,International,,,,,,,
295,International,,,,,,,
296,MICHELIN,INSIDER,Portuguese,,,,,
297,Japanese,,,,,,,
298,INSIDER,Mediterranean,,,,,,
299,MICHELIN,INSIDER,European,,,,,
300,INSIDER,Portuguese,,,,,,
301,International,,,,,,,
302,Japanese,,,,,,,
303,Italian,,,,,,,
304,Portuguese,,,,,,,
305,Pizzeria,,,,,,,
306,Portuguese,,,,,,,
307,Brazilian,,,,,,,
308,Portuguese,,,,,,,
309,INSIDER,International,,,,,,
310,Japanese,,,,,,,
311,Japanese,,,,,,,
312,MICHELIN,INSIDER,Italian,,,,,
313,INSIDER,Portuguese,,,,,,
314,Portuguese,,,,,,,
315,Portuguese,,,,,,,
316,Portuguese,,,,,,,
317,Portuguese,,,,,,,
318,Portuguese,,,,,,,
319,MICHELIN,Portuguese,,,,,,
320,International,,,,,,,
321,Portuguese,,,,,,,
322,Portuguese,,,,,,,
323,Portuguese,,,,,,,
324,Steakhouse,,,,,,,
325,Portuguese,,,,,,,
326,Portuguese,,,,,,,
327,Portuguese,,,,,,,
328,International,,,,,,,
329,Portuguese,,,,,,,
330,Portuguese,,,,,,,
331,Portuguese,,,,,,,
332,YUMS x2,European,,,,,,
333,Portuguese,,,,,,,
334,YUMS x2,European,,,,,,
335,Venezuelan,,,,,,,
336,MICHELIN,INSIDER,European,,,,,
337,Regional,,,,,,,
338,Portuguese,,,,,,,
339,Portuguese,,,,,,,
340,INSIDER,Traditional cuisine,,,,,,
341,Portuguese,,,,,,,
342,International,,,,,,,
343,Portuguese,,,,,,,
344,Portuguese,,,,,,,
345,Portuguese,,,,,,,
346,INSIDER,Portuguese,,,,,,
347,YUMS x2,Portuguese,,,,,,
348,Grilled,,,,,,,
349,Portuguese,,,,,,,
350,INSIDER,International,,,,,,
351,YUMS x2,MICHELIN,INSIDER,French,,,,
352,YUMS x2,MICHELIN,INSIDER,French,,,,
353,YUMS x2,MICHELIN,INSIDER,Mediterranean,Accepting my yums,Welcome,,
354,YUMS x2,MICHELIN,INSIDER,French,,,,
355,YUMS x2,MICHELIN,British,,,,,
356,YUMS x2,MICHELIN,French,Accepting my yums,,,,
357,YUMS x2,MICHELIN,INSIDER,Spanish,Welcome,,,
358,YUMS x2,MICHELIN,INSIDER,French,,,,
359,YUMS x2,MICHELIN,INSIDER,Catalan,Welcome,,,
360,YUMS x2,MICHELIN,INSIDER,PAY,Gift cards,French,,
361,YUMS x2,MICHELIN,Fusion,Accepting my yums,,,,
362,YUMS x2,MICHELIN,INSIDER,French,,,,
363,YUMS x2,MICHELIN,INSIDER,French,,,,
364,YUMS x2,Steakhouse,Accepting my yums,,,,,
365,MICHELIN,British,Accepting my yums,,,,,
366,YUMS x2,PAY,Gift cards,Meat Cuisine,Accepting my yums,,,
367,YUMS x2,INSIDER,PAY,Gift cards,Italian,Accepting my yums,,
368,YUMS x2,MICHELIN,French,,,,,
369,MICHELIN,PAY,Gift cards,Mediterranean,Welcome,,,
370,YUMS x2,INSIDER,French,,,,,
371,YUMS x2,Eritrean,,,,,,
372,YUMS x2,INSIDER,PAY,Gift cards,French,Accepting my yums,,
373,YUMS x2,MICHELIN,INSIDER,Mediterranean,Welcome,,,
374,YUMS x2,MICHELIN,INSIDER,PAY,Gift cards,Italian,,
375,YUMS x2,European,,,,,,
376,YUMS x2,European,Accepting my yums,,,,,
377,PAY,Gift cards,Japanese,Welcome,,,,
378,YUMS x2,MICHELIN,INSIDER,French,,,,
379,YUMS x2,INSIDER,Italian,,,,,
380,YUMS x2,Eritrean,,,,,,
381,YUMS x2,INSIDER,PAY,Gift cards,Meat Cuisine,,,
382,YUMS x2,INSIDER,Meat Cuisine,Accepting my yums,,,,
383,YUMS x2,Mediterranean,,,,,,
384,YUMS x2,MICHELIN,PAY,INSIDER,Gift cards,Mediterranean,Accepting my yums,Welcome
385,MICHELIN,Local,,,,,,
386,YUMS x2,MICHELIN,INSIDER,Gift cards,French,Accepting my yums,,
387,YUMS x2,INSIDER,PAY,Gift cards,Campano,Accepting my yums,,
388,YUMS x2,Indian,,,,,,
389,YUMS x2,Mediterranean,Accepting my yums,,,,,
390,YUMS x2,European,,,,,,
391,YUMS x2,PAY,Gift cards,Italian,,,,
392,YUMS x2,INSIDER,PAY,Gift cards,Mediterranean,,,
393,YUMS x2,INSIDER,French,,,,,
394,MICHELIN,PAY,Gift cards,Mediterranean,Welcome,,,
395,YUMS x2,PAY,Gift cards,Fusion,Welcome,,,
396,YUMS x2,Steakhouse,,,,,,
397,YUMS x2,INSIDER,Corsican,Accepting my yums,,,,
398,YUMS x2,Fusion,,,,,,
399,YUMS x2,INSIDER,International,Accepting my yums,,,,
400,YUMS x2,INSIDER,PAY,Gift cards,Veneziano,,,
401,YUMS x2,MICHELIN,British,,,,,
402,YUMS x2,MICHELIN,INSIDER,French,,,,
403,YUMS x2,MICHELIN,INSIDER,French,,,,
404,YUMS x2,MICHELIN,INSIDER,French,,,,
405,YUMS x2,MICHELIN,INSIDER,Mediterranean,Accepting my yums,Welcome,,
406,YUMS x2,MICHELIN,INSIDER,Spanish,Welcome,,,
407,YUMS x2,MICHELIN,INSIDER,French,,,,
408,YUMS x2,MICHELIN,French,Accepting my yums,,,,
409,YUMS x2,MICHELIN,INSIDER,PAY,Gift cards,French,,
410,YUMS x2,MICHELIN,Fusion,Accepting my yums,,,,
411,YUMS x2,MICHELIN,INSIDER,Catalan,Welcome,,,
412,YUMS x2,MICHELIN,INSIDER,French,,,,
413,Italian,,,,,,,
414,MICHELIN,British,Accepting my yums,,,,,
415,YUMS x2,MICHELIN,INSIDER,French,,,,
416,INSIDER,Mediterranean,,,,,,
417,Pizzeria,,,,,,,
418,YUMS x2,INSIDER,PAY,Gift cards,Italian,Accepting my yums,,
419,MICHELIN,PAY,Gift cards,Mediterranean,Welcome,,,
420,YUMS x2,Eritrean,,,,,,
421,YUMS x2,PAY,Gift cards,Meat Cuisine,Accepting my yums,,,
422,YUMS x2,Steakhouse,Accepting my yums,,,,,
423,YUMS x2,MICHELIN,French,,,,,
424,YUMS x2,MICHELIN,INSIDER,Mediterranean,Welcome,,,
425,YUMS x2,Mediterranean,,,,,,
426,YUMS x2,INSIDER,French,,,,,
427,YUMS x2,European,,,,,,
428,YUMS x2,MICHELIN,INSIDER,French,,,,
429,YUMS x2,Eritrean,,,,,,
430,YUMS x2,INSIDER,PAY,Gift cards,Meat Cuisine,,,
431,YUMS x2,INSIDER,Italian,,,,,
432,MICHELIN,Local,,,,,,
433,YUMS x2,INSIDER,Meat Cuisine,Accepting my yums,,,,
434,YUMS x2,European,Accepting my yums,,,,,
435,YUMS x2,European,,,,,,
436,PAY,Gift cards,Japanese,Welcome,,,,
437,YUMS x2,INSIDER,PAY,Gift cards,French,Accepting my yums,,
438,YUMS x2,MICHELIN,PAY,INSIDER,Gift cards,Mediterranean,Accepting my yums,Welcome
439,YUMS x2,MICHELIN,INSIDER,PAY,Gift cards,Italian,,
440,YUMS x2,Indian,,,,,,
441,YUMS x2,MICHELIN,INSIDER,Gift cards,French,Accepting my yums,,
442,YUMS x2,INSIDER,PAY,Gift cards,Campano,Accepting my yums,,
443,YUMS x2,Mediterranean,Accepting my yums,,,,,
444,MICHELIN,PAY,Gift cards,Mediterranean,Welcome,,,
445,YUMS x2,PAY,Gift cards,Fusion,Welcome,,,
446,YUMS x2,INSIDER,French,,,,,
447,YUMS x2,PAY,Gift cards,Italian,,,,
448,YUMS x2,INSIDER,Corsican,Accepting my yums,,,,
449,YUMS x2,Steakhouse,,,,,,
450,YUMS x2,INSIDER,International,Accepting my yums,,,,
451,YUMS x2,INSIDER,PAY,Gift cards,Mediterranean,,,
452,YUMS x2,Fusion,,,,,,
453,YUMS x2,INSIDER,PAY,Gift cards,Veneziano,,,
454,YUMS x2,MICHELIN,INSIDER,French,,,,
455,YUMS x2,MICHELIN,INSIDER,French,,,,
456,YUMS x2,MICHELIN,INSIDER,French,,,,
457,YUMS x2,MICHELIN,INSIDER,French,,,,
458,Indian,,,,,,,
459,YUMS x2,MICHELIN,INSIDER,Mediterranean,Accepting my yums,Welcome,,
460,YUMS x2,MICHELIN,INSIDER,Spanish,Welcome,,,
461,YUMS x2,MICHELIN,INSIDER,PAY,Gift cards,French,,
462,YUMS x2,MICHELIN,British,,,,,
463,YUMS x2,MICHELIN,French,Accepting my yums,,,,
464,YUMS x2,MICHELIN,INSIDER,Catalan,Welcome,,,
465,Portuguese,,,,,,,
466,Pizzeria,,,,,,,
467,Mediterranean,,,,,,,
468,YUMS x2,MICHELIN,Fusion,Accepting my yums,,,,
469,Steakhouse,,,,,,,
470,Japanese,,,,,,,
471,Japanese,,,,,,,
472,YUMS x2,MICHELIN,INSIDER,French,,,,
473,MICHELIN,British,Accepting my yums,,,,,
474,INSIDER,Portuguese,Accepting my yums,,,,,
475,YUMS x2,MICHELIN,INSIDER,French,,,,
476,Portuguese,,,,,,,
477,YUMS x2,INSIDER,PAY,Gift cards,Italian,Accepting my yums,,
478,YUMS x2,Steakhouse,Accepting my yums,,,,,
479,European,,,,,,,
480,INSIDER,Portuguese,,,,,,
481,INSIDER,Portuguese,,,,,,
482,MICHELIN,INSIDER,European,,,,,
483,YUMS x2,PAY,Gift cards,Meat Cuisine,Accepting my yums,,,
484,YUMS x2,MICHELIN,French,,,,,
485,MICHELIN,PAY,Gift cards,Mediterranean,Welcome,,,
486,Portuguese,,,,,,,
487,YUMS x2,INSIDER,French,,,,,
488,YUMS x2,INSIDER,PAY,Gift cards,French,Accepting my yums,,
489,YUMS x2,Eritrean,,,,,,
490,YUMS x2,Eritrean,,,,,,
491,YUMS x2,MICHELIN,INSIDER,Mediterranean,Welcome,,,
492,YUMS x2,INSIDER,Meat Cuisine,Accepting my yums,,,,
493,YUMS x2,Mediterranean,,,,,,
494,YUMS x2,MICHELIN,INSIDER,PAY,Gift cards,Italian,,
495,Portuguese,,,,,,,
496,YUMS x2,MICHELIN,INSIDER,French,,,,
497,PAY,Gift cards,Japanese,Welcome,,,,
498,Portuguese,,,,,,,
499,Portuguese,,,,,,,
500,YUMS x2,European,,,,,,
501,YUMS x2,European,Accepting my yums,,,,,
502,Portuguese,,,,,,,
503,MICHELIN,Local,,,,,,
504,YUMS x2,INSIDER,PAY,Gift cards,Meat Cuisine,,,
505,Portuguese,,,,,,,
506,Portuguese,,,,,,,
507,YUMS x2,INSIDER,Italian,,,,,
508,YUMS x2,MICHELIN,PAY,INSIDER,Gift cards,Mediterranean,Accepting my yums,Welcome
509,YUMS x2,INSIDER,PAY,Gift cards,Campano,Accepting my yums,,
510,YUMS x2,Indian,,,,,,
511,Portuguese,,,,,,,
512,YUMS x2,PAY,Gift cards,Fusion,Welcome,,,
513,YUMS x2,Mediterranean,Accepting my yums,,,,,
514,YUMS x2,INSIDER,PAY,Gift cards,Mediterranean,,,
515,Italian,,,,,,,
516,YUMS x2,INSIDER,French,,,,,
517,YUMS x2,MICHELIN,INSIDER,Gift cards,French,Accepting my yums,,
518,YUMS x2,PAY,Gift cards,Italian,,,,
519,YUMS x2,INSIDER,PAY,Gift cards,Veneziano,,,
520,YUMS x2,INSIDER,International,Accepting my yums,,,,
521,YUMS x2,Steakhouse,,,,,,
522,YUMS x2,INSIDER,Corsican,Accepting my yums,,,,
523,YUMS x2,European,,,,,,
524,YUMS x2,Fusion,,,,,,
525,MICHELIN,PAY,Gift cards,Mediterranean,Welcome,,,
526,YUMS x2,INSIDER,PAY,Gift cards,International,,,
527,YUMS x2,Japanese,,,,,,
528,YUMS x2,MICHELIN,British,,,,,
529,YUMS x2,MICHELIN,INSIDER,PAY,Gift cards,European,Welcome,
530,YUMS x2,MICHELIN,INSIDER,Local,Accepting my yums,Welcome,,
531,YUMS x2,Asian,,,,,,
532,YUMS x2,PAY,Gift cards,Indian,Welcome,,,
533,YUMS x2,MICHELIN,PAY,Gift cards,Welcome,,,
534,YUMS x2,MICHELIN,PAY,INSIDER,Gift cards,Spanish,Accepting my yums,Welcome
535,YUMS x2,PAY,Gift cards,Mediterranean,,,,
536,YUMS x2,MICHELIN,INSIDER,PAY,Gift cards,Fusion,Welcome,
537,YUMS x2,Japanese,Accepting my yums,,,,,
538,YUMS x2,INSIDER,PAY,Gift cards,International,Accepting my yums,,
539,YUMS x2,PAY,Gift cards,Pizzeria,,,,
540,YUMS x2,European,,,,,,
541,INSIDER,PAY,Gift cards,Seafood,,,,
542,YUMS x2,International,Accepting my yums,,,,,
543,MICHELIN,INSIDER,PAY,Gift cards,Spanish,Welcome,,
544,YUMS x2,INSIDER,Japanese,,,,,
545,YUMS x2,PAY,Gift cards,Vegetarian,,,,
546,MICHELIN,INSIDER,Spanish,,,,,
547,YUMS x2,Indian,Accepting my yums,,,,,
548,YUMS x2,INSIDER,PAY,Gift cards,Italian,,,
549,YUMS x2,MICHELIN,INSIDER,French,,,,
550,YUMS x2,PAY,Gift cards,Japanese,,,,
551,YUMS x2,INSIDER,PAY,Gift cards,Japanese,Accepting my yums,Welcome,
552,YUMS x2,MICHELIN,INSIDER,Eco-friendly,French,,,
553,YUMS x2,INSIDER,Italian,Accepting my yums,,,,
554,YUMS x2,Regional,,,,,,
555,YUMS x2,MICHELIN,INSIDER,PAY,Gift cards,Spanish,Welcome,
556,YUMS x2,INSIDER,Regional,,,,,
557,YUMS x2,INSIDER,French,,,,,
558,YUMS x2,INSIDER,French,,,,,
559,YUMS x2,INSIDER,PAY,Gift cards,Mediterranean,,,
560,YUMS x2,INSIDER,PAY,Gift cards,Italian,,,
561,YUMS x2,Vegetarian,,,,,,
562,YUMS x2,MICHELIN,INSIDER,PAY,Gift cards,Italian,,
563,YUMS x2,Pizzeria,,,,,,
564,YUMS x2,PAY,Gift cards,Lebanese,,,,
565,YUMS x2,PAY,Gift cards,Indian,,,,
566,YUMS x2,INSIDER,PAY,Gift cards,Toscano,,,
567,YUMS x2,PAY,Gift cards,Italian,Accepting my yums,,,
568,YUMS x2,INSIDER,PAY,Gift cards,Italian,Accepting my yums,,
569,YUMS x2,MICHELIN,INSIDER,PAY,Gift cards,Seafood,Accepting my yums,
570,YUMS x2,European,,,,,,
571,YUMS x2,INSIDER,PAY,Gift cards,Siciliano,,,
572,YUMS x2,INSIDER,PAY,Gift cards,Sardo,,,
573,YUMS x2,INSIDER,PAY,Gift cards,Piemontese,,,
574,YUMS x2,INSIDER,French,,,,,
575,YUMS x2,INSIDER,Meat Cuisine,Accepting my yums,,,,
576,Portuguese,Accepting my yums,,,,,,
577,Mediterranean,,,,,,,
578,Grilled,,,,,,,
579,Regional,,,,,,,
580,Portuguese,,,,,,,
581,Portuguese,Accepting my yums,,,,,,
582,Traditional cuisine,,,,,,,
583,Traditional cuisine,,,,,,,
584,YUMS x2,MICHELIN,INSIDER,French,,,,
585,YUMS x2,MICHELIN,INSIDER,Mediterranean,Accepting my yums,Welcome,,
586,YUMS x2,MICHELIN,INSIDER,French,,,,
587,YUMS x2,MICHELIN,British,,,,,
588,YUMS x2,MICHELIN,INSIDER,French,,,,
589,YUMS x2,MICHELIN,French,Accepting my yums,,,,
590,YUMS x2,MICHELIN,INSIDER,PAY,Gift cards,French,,
591,YUMS x2,MICHELIN,INSIDER,Catalan,Welcome,,,
592,YUMS x2,MICHELIN,INSIDER,French,,,,
593,YUMS x2,MICHELIN,Fusion,Accepting my yums,,,,
594,YUMS x2,MICHELIN,INSIDER,French,,,,
595,MICHELIN,British,Accepting my yums,,,,,
596,YUMS x2,MICHELIN,INSIDER,French,,,,
597,YUMS x2,INSIDER,PAY,Gift cards,Italian,Accepting my yums,,
598,YUMS x2,MICHELIN,French,,,,,
599,YUMS x2,Steakhouse,Accepting my yums,,,,,
600,YUMS x2,MICHELIN,INSIDER,Mediterranean,Welcome,,,
601,YUMS x2,INSIDER,French,,,,,
602,YUMS x2,Eritrean,,,,,,
603,YUMS x2,Eritrean,,,,,,
604,YUMS x2,European,,,,,,
605,YUMS x2,INSIDER,PAY,Gift cards,Meat Cuisine,,,
606,YUMS x2,Mediterranean,,,,,,
607,YUMS x2,MICHELIN,INSIDER,French,,,,
608,YUMS x2,INSIDER,Meat Cuisine,Accepting my yums,,,,
609,YUMS x2,MICHELIN,INSIDER,PAY,Gift cards,Italian,,
610,MICHELIN,Local,,,,,,
611,YUMS x2,INSIDER,Italian,,,,,
612,YUMS x2,Indian,,,,,,
613,PAY,Gift cards,Japanese,Welcome,,,,
614,YUMS x2,European,Accepting my yums,,,,,
615,YUMS x2,MICHELIN,PAY,INSIDER,Gift cards,Mediterranean,Accepting my yums,Welcome
616,YUMS x2,INSIDER,French,,,,,
617,YUMS x2,European,,,,,,
618,MICHELIN,PAY,Gift cards,Mediterranean,Welcome,,,
619,YUMS x2,MICHELIN,INSIDER,Gift cards,French,Accepting my yums,,
620,YUMS x2,PAY,Gift cards,Italian,,,,
621,YUMS x2,INSIDER,PAY,Gift cards,Mediterranean,,,
622,YUMS x2,INSIDER,International,Accepting my yums,,,,
623,YUMS x2,Steakhouse,,,,,,
624,YUMS x2,INSIDER,PAY,Gift cards,Veneziano,,,
625,YUMS x2,Mediterranean,Accepting my yums,,,,,
626,YUMS x2,PAY,Gift cards,Fusion,Welcome,,,
627,YUMS x2,Fusion,,,,,,
628,YUMS x2,INSIDER,Corsican,Accepting my yums,,,,
629,YUMS x2,Japanese,,,,,,
630,YUMS x2,MICHELIN,PAY,Gift cards,Welcome,,,
631,YUMS x2,PAY,Gift cards,Indian,Welcome,,,
632,YUMS x2,Asian,,,,,,
633,YUMS x2,MICHELIN,INSIDER,Local,Accepting my yums,Welcome,,
634,YUMS x2,INSIDER,PAY,Gift cards,International,,,
635,YUMS x2,MICHELIN,INSIDER,PAY,Gift cards,European,Welcome,
636,YUMS x2,MICHELIN,PAY,INSIDER,Gift cards,Spanish,Accepting my yums,Welcome
637,YUMS x2,MICHELIN,INSIDER,PAY,Gift cards,Fusion,Welcome,
638,YUMS x2,INSIDER,PAY,Gift cards,International,Accepting my yums,,
639,YUMS x2,Japanese,Accepting my yums,,,,,
640,YUMS x2,PAY,Gift cards,Mediterranean,,,,
641,YUMS x2,MICHELIN,British,,,,,
642,YUMS x2,PAY,Gift cards,Pizzeria,,,,
643,MICHELIN,INSIDER,PAY,Gift cards,Spanish,Welcome,,
644,INSIDER,PAY,Gift cards,Seafood,,,,
645,YUMS x2,PAY,Gift cards,Vegetarian,,,,
646,YUMS x2,Indian,Accepting my yums,,,,,
647,YUMS x2,INSIDER,PAY,Gift cards,Italian,,,
648,YUMS x2,INSIDER,Japanese,,,,,
649,MICHELIN,INSIDER,Spanish,,,,,
650,YUMS x2,INSIDER,PAY,Gift cards,Japanese,Accepting my yums,Welcome,
651,YUMS x2,MICHELIN,INSIDER,PAY,Gift cards,Spanish,Welcome,
652,YUMS x2,European,,,,,,
653,YUMS x2,International,Accepting my yums,,,,,
654,YUMS x2,INSIDER,French,,,,,
655,YUMS x2,PAY,Gift cards,Japanese,,,,
656,YUMS x2,INSIDER,Regional,,,,,
657,YUMS x2,INSIDER,PAY,Gift cards,Mediterranean,,,
658,YUMS x2,INSIDER,Italian,Accepting my yums,,,,
659,YUMS x2,Regional,,,,,,
660,YUMS x2,Pizzeria,,,,,,
661,YUMS x2,Vegetarian,,,,,,
662,YUMS x2,INSIDER,French,,,,,
663,YUMS x2,MICHELIN,INSIDER,Eco-friendly,French,,,
664,YUMS x2,PAY,Gift cards,Indian,,,,
665,YUMS x2,MICHELIN,INSIDER,PAY,Gift cards,Italian,,
666,YUMS x2,PAY,Gift cards,Italian,Accepting my yums,,,
667,YUMS x2,PAY,Gift cards,Lebanese,,,,
668,YUMS x2,MICHELIN,INSIDER,French,,,,
669,YUMS x2,INSIDER,PAY,Gift cards,Italian,,,
670,YUMS x2,INSIDER,PAY,Gift cards,Toscano,,,
671,YUMS x2,INSIDER,PAY,Gift cards,Piemontese,,,
672,YUMS x2,European,,,,,,
673,YUMS x2,INSIDER,PAY,Gift cards,Italian,Accepting my yums,,
674,YUMS x2,INSIDER,PAY,Gift cards,Sardo,,,
675,YUMS x2,INSIDER,PAY,Gift cards,Siciliano,,,
676,YUMS x2,MICHELIN,INSIDER,PAY,Gift cards,Seafood,Accepting my yums,
677,YUMS x2,MICHELIN,INSIDER,Spanish,Welcome,,,
678,YUMS x2,INSIDER,Meat Cuisine,Accepting my yums,,,,
679,YUMS x2,INSIDER,French,,,,,
680,YUMS x2,INSIDER,PAY,Gift cards,French,Accepting my yums,,
681,MICHELIN,PAY,Gift cards,Mediterranean,Welcome,,,
682,YUMS x2,INSIDER,PAY,Gift cards,Campano,Accepting my yums,,
683,YUMS x2,PAY,Gift cards,Meat Cuisine,Accepting my yums,,,
684,YUMS x2,MICHELIN,INSIDER,Catalan,Welcome,,,
685,YUMS x2,MICHELIN,INSIDER,French,,,,
686,YUMS x2,MICHELIN,INSIDER,French,,,,
687,YUMS x2,MICHELIN,INSIDER,Spanish,Welcome,,,
688,YUMS x2,MICHELIN,British,,,,,
689,YUMS x2,MICHELIN,French,Accepting my yums,,,,
690,YUMS x2,MICHELIN,INSIDER,Mediterranean,Accepting my yums,Welcome,,
691,YUMS x2,MICHELIN,INSIDER,French,,,,
692,YUMS x2,MICHELIN,INSIDER,French,,,,
693,YUMS x2,MICHELIN,INSIDER,PAY,Gift cards,French,,
694,YUMS x2,MICHELIN,INSIDER,French,,,,
695,MICHELIN,British,Accepting my yums,,,,,
696,YUMS x2,MICHELIN,INSIDER,French,,,,
697,YUMS x2,MICHELIN,Fusion,Accepting my yums,,,,
698,YUMS x2,Mediterranean,,,,,,
699,YUMS x2,Eritrean,,,,,,
700,YUMS x2,INSIDER,PAY,Gift cards,Italian,Accepting my yums,,
701,MICHELIN,PAY,Gift cards,Mediterranean,Welcome,,,
702,YUMS x2,MICHELIN,French,,,,,
703,YUMS x2,Eritrean,,,,,,
704,YUMS x2,Steakhouse,Accepting my yums,,,,,
705,YUMS x2,INSIDER,French,,,,,
706,YUMS x2,PAY,Gift cards,Meat Cuisine,Accepting my yums,,,
707,YUMS x2,MICHELIN,INSIDER,Mediterranean,Welcome,,,
708,YUMS x2,INSIDER,Meat Cuisine,Accepting my yums,,,,
709,YUMS x2,INSIDER,PAY,Gift cards,French,Accepting my yums,,
710,YUMS x2,European,,,,,,
711,YUMS x2,INSIDER,PAY,Gift cards,Meat Cuisine,,,
712,YUMS x2,MICHELIN,INSIDER,French,,,,
713,YUMS x2,MICHELIN,INSIDER,PAY,Gift cards,Italian,,
714,YUMS x2,INSIDER,Italian,,,,,
715,PAY,Gift cards,Japanese,Welcome,,,,
716,YUMS x2,Indian,,,,,,
717,YUMS x2,European,Accepting my yums,,,,,
718,MICHELIN,Local,,,,,,
719,YUMS x2,PAY,Gift cards,Italian,,,,
720,YUMS x2,INSIDER,PAY,Gift cards,Campano,Accepting my yums,,
721,YUMS x2,European,,,,,,
722,YUMS x2,MICHELIN,PAY,INSIDER,Gift cards,Mediterranean,Accepting my yums,Welcome
723,YUMS x2,MICHELIN,INSIDER,Gift cards,French,Accepting my yums,,
724,MICHELIN,PAY,Gift cards,Mediterranean,Welcome,,,
725,YUMS x2,Mediterranean,Accepting my yums,,,,,
726,YUMS x2,INSIDER,French,,,,,
727,YUMS x2,INSIDER,PAY,Gift cards,Mediterranean,,,
728,YUMS x2,PAY,Gift cards,Fusion,Welcome,,,
729,YUMS x2,INSIDER,Corsican,Accepting my yums,,,,
730,YUMS x2,Steakhouse,,,,,,
731,YUMS x2,INSIDER,International,Accepting my yums,,,,
732,YUMS x2,INSIDER,PAY,Gift cards,Veneziano,,,
733,YUMS x2,Fusion,,,,,,
734,YUMS x2,Portuguese,,,,,,
735,INSIDER,Fusion,,,,,,
736,YUMS x2,Pizzeria,,,,,,
737,Japanese,,,,,,,
738,Peruvian,,,,,,,
739,INSIDER,Pizzeria,,,,,,
740,INSIDER,MICHELIN,Portuguese,,,,,
741,INSIDER,Meat Cuisine,,,,,,
742,INSIDER,International,,,,,,
743,Varied,,,,,,,
744,Korean,,,,,,,
745,European,,,,,,,
746,International,,,,,,,
747,YUMS x2,Portuguese,,,,,,
748,YUMS x2,European,,,,,,
749,Italian,,,,,,,
750,Grilled,,,,,,,
751,American,,,,,,,
752,Portuguese,,,,,,,
753,Japanese,,,,,,,
754,Portuguese,,,,,,,
755,Portuguese,,,,,,,
756,Grilled,,,,,,,
757,Portuguese,,,,,,,
758,YUMS x2,Asian,,,,,,
759,YUMS x2,MICHELIN,PAY,Gift cards,Welcome,,,
760,YUMS x2,MICHELIN,INSIDER,Local,Accepting my yums,Welcome,,
761,YUMS x2,PAY,Gift cards,Indian,Welcome,,,
762,YUMS x2,Japanese,,,,,,
763,YUMS x2,MICHELIN,British,,,,,
764,YUMS x2,MICHELIN,INSIDER,PAY,Gift cards,European,Welcome,
765,YUMS x2,MICHELIN,INSIDER,PAY,Gift cards,Fusion,Welcome,
766,YUMS x2,Japanese,Accepting my yums,,,,,
767,YUMS x2,INSIDER,PAY,Gift cards,International,,,
768,YUMS x2,INSIDER,PAY,Gift cards,International,Accepting my yums,,
769,YUMS x2,PAY,Gift cards,Pizzeria,,,,
770,YUMS x2,MICHELIN,PAY,INSIDER,Gift cards,Spanish,Accepting my yums,Welcome
771,YUMS x2,PAY,Gift cards,Mediterranean,,,,
772,MICHELIN,INSIDER,Spanish,,,,,
773,INSIDER,PAY,Gift cards,Seafood,,,,
774,YUMS x2,PAY,Gift cards,Vegetarian,,,,
775,YUMS x2,European,,,,,,
776,MICHELIN,INSIDER,PAY,Gift cards,Spanish,Welcome,,
777,YUMS x2,INSIDER,PAY,Gift cards,Italian,,,
778,YUMS x2,INSIDER,Japanese,,,,,
779,YUMS x2,Indian,Accepting my yums,,,,,
780,YUMS x2,International,Accepting my yums,,,,,
781,YUMS x2,MICHELIN,INSIDER,PAY,Gift cards,Spanish,Welcome,
782,YUMS x2,INSIDER,PAY,Gift cards,Japanese,Accepting my yums,Welcome,
783,YUMS x2,INSIDER,Regional,,,,,
784,YUMS x2,INSIDER,French,,,,,
785,YUMS x2,PAY,Gift cards,Japanese,,,,
786,YUMS x2,Regional,,,,,,
787,YUMS x2,MICHELIN,INSIDER,French,,,,
788,YUMS x2,MICHELIN,INSIDER,Eco-friendly,French,,,
789,YUMS x2,INSIDER,PAY,Gift cards,Mediterranean,,,
790,YUMS x2,INSIDER,French,,,,,
791,YUMS x2,Vegetarian,,,,,,
792,YUMS x2,Pizzeria,,,,,,
793,YUMS x2,INSIDER,Italian,Accepting my yums,,,,
794,YUMS x2,PAY,Gift cards,Italian,Accepting my yums,,,
795,YUMS x2,European,,,,,,
796,YUMS x2,PAY,Gift cards,Lebanese,,,,
797,YUMS x2,INSIDER,PAY,Gift cards,Toscano,,,
798,YUMS x2,MICHELIN,INSIDER,PAY,Gift cards,Italian,,
799,YUMS x2,INSIDER,PAY,Gift cards,Piemontese,,,
800,YUMS x2,INSIDER,PAY,Gift cards,Italian,,,
801,YUMS x2,INSIDER,PAY,Gift cards,Italian,Accepting my yums,,
802,YUMS x2,PAY,Gift cards,Indian,,,,
803,YUMS x2,INSIDER,PAY,Gift cards,Sardo,,,
804,YUMS x2,MICHELIN,INSIDER,PAY,Gift cards,Seafood,Accepting my yums,
805,YUMS x2,INSIDER,French,,,,,
806,YUMS x2,INSIDER,Meat Cuisine,Accepting my yums,,,,
807,YUMS x2,INSIDER,PAY,Gift cards,Siciliano,,,
808,Italian,,,,,,,
809,Pizzeria,,,,,,,
810,YUMS x2,MICHELIN,INSIDER,French,,,,
811,Portuguese,,,,,,,
812,YUMS x2,MICHELIN,INSIDER,Mediterranean,Accepting my yums,Welcome,,
813,Japanese,,,,,,,
814,Portuguese,,,,,,,
815,Pizzeria,,,,,,,
816,YUMS x2,MICHELIN,INSIDER,French,,,,
817,YUMS x2,MICHELIN,INSIDER,French,,,,
818,American,,,,,,,
819,Portuguese,,,,,,,
820,YUMS x2,MICHELIN,INSIDER,Spanish,Welcome,,,
821,Portuguese,,,,,,,
822,YUMS x2,MICHELIN,British,,,,,
823,YUMS x2,MICHELIN,INSIDER,French,,,,
824,YUMS x2,MICHELIN,INSIDER,PAY,Gift cards,French,,
825,Vegetarian,,,,,,,
826,INSIDER,International,,,,,,
827,YUMS x2,MICHELIN,French,Accepting my yums,,,,
828,YUMS x2,MICHELIN,INSIDER,Catalan,Welcome,,,
829,MICHELIN,International food,,,,,,
830,YUMS x2,MICHELIN,Fusion,Accepting my yums,,,,
831,Italian,,,,,,,
832,Traditional cuisine,,,,,,,
833,YUMS x2,MICHELIN,INSIDER,French,,,,
834,YUMS x2,MICHELIN,INSIDER,French,,,,
835,Mediterranean,,,,,,,
836,INSIDER,Japanese,,,,,,
837,YUMS x2,Steakhouse,Accepting my yums,,,,,
838,YUMS x2,MICHELIN,French,,,,,
839,Pizzeria,,,,,,,
840,Seafood,,,,,,,
841,YUMS x2,INSIDER,PAY,Gift cards,Italian,Accepting my yums,,
842,YUMS x2,PAY,Gift cards,Meat Cuisine,Accepting my yums,,,
843,MICHELIN,British,Accepting my yums,,,,,
844,Portuguese,,,,,,,
845,YUMS x2,Eritrean,,,,,,
846,INSIDER,Portuguese,,,,,,
847,YUMS x2,INSIDER,PAY,Gift cards,French,Accepting my yums,,
848,MICHELIN,PAY,Gift cards,Mediterranean,Welcome,,,
849,Vegetarian,,,,,,,
850,Japanese,,,,,,,
851,YUMS x2,INSIDER,French,,,,,
852,INSIDER,Meat Cuisine,,,,,,
853,YUMS x2,Mediterranean,,,,,,
854,Japanese,,,,,,,
855,Portuguese,,,,,,,
856,YUMS x2,MICHELIN,INSIDER,Mediterranean,Welcome,,,
857,Grilled,,,,,,,
858,YUMS x2,Eritrean,,,,,,
859,YUMS x2,MICHELIN,INSIDER,French,,,,
860,Portuguese,,,,,,,
861,INSIDER,European,,,,,,
862,YUMS x2,INSIDER,PAY,Gift cards,Meat Cuisine,,,
863,Meat Cuisine,,,,,,,
864,Traditional cuisine,,,,,,,
865,Vegetarian,,,,,,,
866,Mediterranean,,,,,,,
867,YUMS x2,European,,,,,,
868,YUMS x2,MICHELIN,INSIDER,PAY,Gift cards,Italian,,
869,YUMS x2,INSIDER,Meat Cuisine,Accepting my yums,,,,
870,Portuguese,,,,,,,
871,International,,,,,,,
872,Pizzeria,,,,,,,
873,Japanese,,,,,,,
874,Steakhouse,,,,,,,
875,International food,,,,,,,
876,YUMS x2,INSIDER,Italian,,,,,
877,PAY,Gift cards,Japanese,Welcome,,,,
878,Traditional cuisine,,,,,,,
879,YUMS x2,European,,,,,,
880,MICHELIN,Local,,,,,,
881,YUMS x2,European,Accepting my yums,,,,,
882,YUMS x2,Mediterranean,Accepting my yums,,,,,
883,YUMS x2,INSIDER,PAY,Gift cards,Campano,Accepting my yums,,
884,YUMS x2,Indian,,,,,,
885,Indian,,,,,,,
886,MICHELIN,PAY,Gift cards,Mediterranean,Welcome,,,
887,YUMS x2,MICHELIN,PAY,INSIDER,Gift cards,Mediterranean,Accepting my yums,Welcome
888,YUMS x2,MICHELIN,INSIDER,Gift cards,French,Accepting my yums,,
889,YUMS x2,Fusion,,,,,,
890,YUMS x2,PAY,Gift cards,Fusion,Welcome,,,
891,YUMS x2,INSIDER,French,,,,,
892,YUMS x2,PAY,Gift cards,Italian,,,,
893,YUMS x2,INSIDER,International,Accepting my yums,,,,
894,YUMS x2,INSIDER,PAY,Gift cards,Veneziano,,,
895,YUMS x2,INSIDER,PAY,Gift cards,Mediterranean,,,
896,YUMS x2,Steakhouse,,,,,,
897,YUMS x2,INSIDER,Corsican,Accepting my yums,,,,
898,YUMS x2,MICHELIN,PAY,Gift cards,Welcome,,,
899,YUMS x2,Asian,,,,,,
900,YUMS x2,PAY,Gift cards,Indian,Welcome,,,
901,YUMS x2,Japanese,,,,,,
902,YUMS x2,MICHELIN,INSIDER,Local,Accepting my yums,Welcome,,
903,YUMS x2,MICHELIN,INSIDER,PAY,Gift cards,European,Welcome,
904,YUMS x2,MICHELIN,INSIDER,PAY,Gift cards,Fusion,Welcome,
905,YUMS x2,INSIDER,PAY,Gift cards,International,,,
906,YUMS x2,MICHELIN,British,,,,,
907,YUMS x2,PAY,Gift cards,Pizzeria,,,,
908,YUMS x2,PAY,Gift cards,Mediterranean,,,,
909,YUMS x2,MICHELIN,PAY,INSIDER,Gift cards,Spanish,Accepting my yums,Welcome
910,MICHELIN,INSIDER,Spanish,,,,,
911,MICHELIN,INSIDER,PAY,Gift cards,Spanish,Welcome,,
912,YUMS x2,INSIDER,PAY,Gift cards,International,Accepting my yums,,
913,YUMS x2,European,,,,,,
914,YUMS x2,Indian,Accepting my yums,,,,,
915,YUMS x2,International,Accepting my yums,,,,,
916,YUMS x2,INSIDER,Japanese,,,,,
917,YUMS x2,PAY,Gift cards,Vegetarian,,,,
918,YUMS x2,MICHELIN,INSIDER,PAY,Gift cards,Spanish,Welcome,
919,YUMS x2,INSIDER,PAY,Gift cards,Italian,,,
920,YUMS x2,INSIDER,PAY,Gift cards,Japanese,Accepting my yums,Welcome,
921,YUMS x2,PAY,Gift cards,Japanese,,,,
922,YUMS x2,INSIDER,Regional,,,,,
923,YUMS x2,INSIDER,PAY,Gift cards,Mediterranean,,,
924,YUMS x2,Pizzeria,,,,,,
925,YUMS x2,Regional,,,,,,
926,YUMS x2,Japanese,Accepting my yums,,,,,
927,INSIDER,PAY,Gift cards,Seafood,,,,
928,YUMS x2,INSIDER,French,,,,,
929,YUMS x2,INSIDER,French,,,,,
930,YUMS x2,MICHELIN,INSIDER,French,,,,
931,YUMS x2,Vegetarian,,,,,,
932,YUMS x2,PAY,Gift cards,Lebanese,,,,
933,YUMS x2,INSIDER,PAY,Gift cards,Toscano,,,
934,YUMS x2,INSIDER,Italian,Accepting my yums,,,,
935,YUMS x2,PAY,Gift cards,Italian,Accepting my yums,,,
936,YUMS x2,MICHELIN,INSIDER,PAY,Gift cards,Italian,,
937,YUMS x2,PAY,Gift cards,Indian,,,,
938,YUMS x2,INSIDER,PAY,Gift cards,Italian,,,
939,YUMS x2,European,,,,,,
940,YUMS x2,MICHELIN,INSIDER,Eco-friendly,French,,,
941,YUMS x2,INSIDER,PAY,Gift cards,Italian,Accepting my yums,,
942,YUMS x2,INSIDER,PAY,Gift cards,Sardo,,,
943,YUMS x2,INSIDER,PAY,Gift cards,Piemontese,,,
944,YUMS x2,MICHELIN,INSIDER,PAY,Gift cards,Seafood,Accepting my yums,
945,YUMS x2,INSIDER,Meat Cuisine,Accepting my yums,,,,
946,YUMS x2,INSIDER,PAY,Gift cards,Siciliano,,,
947,YUMS x2,INSIDER,French,,,,,
948,Japanese,,,,,,,
949,INSIDER,Brazilian,,,,,,
950,INSIDER,Seafood,,,,,,
951,Portuguese,,,,,,,
952,European,,,,,,,
953,INSIDER,Portuguese,,,,,,
954,YUMS x2,Seafood,,,,,,
955,Portuguese,,,,,,,
956,Asian,,,,,,,
957,Mediterranean,,,,,,,
958,Grilled,,,,,,,
959,Mediterranean,,,,,,,
960,Mediterranean,,,,,,,
961,Portuguese,,,,,,,
962,MICHELIN,INSIDER,Mediterranean,,,,,
963,YUMS x2,MICHELIN,INSIDER,Spanish,Welcome,,,
964,YUMS x2,MICHELIN,INSIDER,French,,,,
965,YUMS x2,MICHELIN,INSIDER,French,,,,
966,YUMS x2,MICHELIN,INSIDER,French,,,,
967,YUMS x2,MICHELIN,British,,,,,
968,YUMS x2,MICHELIN,INSIDER,PAY,Gift cards,French,,
969,YUMS x2,MICHELIN,French,Accepting my yums,,,,
970,YUMS x2,MICHELIN,INSIDER,French,,,,
971,YUMS x2,MICHELIN,INSIDER,Mediterranean,Accepting my yums,Welcome,,
972,YUMS x2,MICHELIN,INSIDER,French,,,,
973,YUMS x2,MICHELIN,INSIDER,Catalan,Welcome,,,
974,MICHELIN,British,Accepting my yums,,,,,
975,YUMS x2,Steakhouse,Accepting my yums,,,,,
976,YUMS x2,INSIDER,PAY,Gift cards,Italian,Accepting my yums,,
977,YUMS x2,MICHELIN,INSIDER,French,,,,
978,YUMS x2,MICHELIN,French,,,,,
979,YUMS x2,MICHELIN,Fusion,Accepting my yums,,,,
980,YUMS x2,PAY,Gift cards,Meat Cuisine,Accepting my yums,,,
981,MICHELIN,PAY,Gift cards,Mediterranean,Welcome,,,
982,YUMS x2,Eritrean,,,,,,
983,YUMS x2,Eritrean,,,,,,
984,YUMS x2,MICHELIN,INSIDER,French,,,,
985,YUMS x2,MICHELIN,INSIDER,Mediterranean,Welcome,,,
986,YUMS x2,INSIDER,PAY,Gift cards,French,Accepting my yums,,
987,YUMS x2,INSIDER,French,,,,,
988,YUMS x2,Mediterranean,,,,,,
989,YUMS x2,European,,,,,,
990,YUMS x2,INSIDER,Meat Cuisine,Accepting my yums,,,,
991,Regional,,,,,,,
992,YUMS x2,European,Accepting my yums,,,,,
993,PAY,Gift cards,Japanese,Welcome,,,,
994,YUMS x2,MICHELIN,INSIDER,Gift cards,French,Accepting my yums,,
995,YUMS x2,MICHELIN,PAY,INSIDER,Gift cards,Mediterranean,Accepting my yums,Welcome
996,YUMS x2,MICHELIN,INSIDER,PAY,Gift cards,Italian,,
997,YUMS x2,INSIDER,PAY,Gift cards,Meat Cuisine,,,
998,MICHELIN,INSIDER,Portuguese,,,,,
999,Portuguese,,,,,,,
1000,MICHELIN,Local,,,,,,
1001,Mexican,,,,,,,
1002,YUMS x2,INSIDER,Italian,,,,,
1003,YUMS x2,INSIDER,PAY,Gift cards,Campano,Accepting my yums,,
1004,Portuguese,,,,,,,
1005,YUMS x2,INSIDER,Corsican,Accepting my yums,,,,
1006,MICHELIN,PAY,Gift cards,Mediterranean,Welcome,,,
1007,YUMS x2,INSIDER,PAY,Gift cards,Mediterranean,,,
1008,YUMS x2,INSIDER,French,,,,,
1009,YUMS x2,European,,,,,,
1010,YUMS x2,Mediterranean,Accepting my yums,,,,,
1011,YUMS x2,PAY,Gift cards,Fusion,Welcome,,,
1012,Regional,,,,,,,
1013,Grilled,,,,,,,
1014,Japanese,,,,,,,
1015,European,,,,,,,
1016,Portuguese,,,,,,,
1017,Portuguese,,,,,,,
1018,MICHELIN,INSIDER,Portuguese,,,,,
1019,INSIDER,European,Accepting my yums,,,,,
1020,INSIDER,European,,,,,,
1021,YUMS x2,PAY,Gift cards,Italian,,,,
1022,YUMS x2,Indian,,,,,,
1023,YUMS x2,Steakhouse,,,,,,
1024,YUMS x2,PAY,Gift cards,Indian,Welcome,,,
1025,YUMS x2,MICHELIN,INSIDER,Local,Accepting my yums,Welcome,,
1026,YUMS x2,MICHELIN,INSIDER,PAY,Gift cards,European,Welcome,
1027,YUMS x2,INSIDER,PAY,Gift cards,Veneziano,,,
1028,INSIDER,Portuguese,,,,,,
1029,YUMS x2,PAY,Gift cards,Mediterranean,,,,
1030,YUMS x2,MICHELIN,INSIDER,PAY,Gift cards,Fusion,Welcome,
1031,YUMS x2,INSIDER,PAY,Gift cards,International,Accepting my yums,,
1032,YUMS x2,INSIDER,PAY,Gift cards,International,,,
1033,YUMS x2,MICHELIN,PAY,INSIDER,Gift cards,Spanish,Accepting my yums,Welcome
1034,YUMS x2,MICHELIN,British,,,,,
1035,Varied,Accepting my yums,,,,,,
1036,YUMS x2,PAY,Gift cards,Pizzeria,,,,
1037,YUMS x2,European,,,,,,
1038,YUMS x2,Japanese,Accepting my yums,,,,,
1039,YUMS x2,INSIDER,Japanese,,,,,
1040,YUMS x2,INSIDER,PAY,Gift cards,Italian,,,
1041,INSIDER,PAY,Gift cards,Seafood,,,,
1042,YUMS x2,PAY,Gift cards,Vegetarian,,,,
1043,MICHELIN,INSIDER,PAY,Gift cards,Spanish,Welcome,,
1044,MICHELIN,INSIDER,Spanish,,,,,
1045,YUMS x2,INSIDER,International,Accepting my yums,,,,
1046,YUMS x2,Fusion,,,,,,
1047,YUMS x2,INSIDER,Regional,,,,,
1048,YUMS x2,International,Accepting my yums,,,,,
1049,YUMS x2,INSIDER,French,,,,,
1050,YUMS x2,Fusion,,,,,,
1051,YUMS x2,PAY,Gift cards,Japanese,,,,
1052,YUMS x2,INSIDER,International,Accepting my yums,,,,
1053,YUMS x2,INSIDER,Italian,Accepting my yums,,,,
1054,YUMS x2,Indian,Accepting my yums,,,,,
1055,YUMS x2,MICHELIN,INSIDER,French,,,,
1056,YUMS x2,Regional,,,,,,
1057,YUMS x2,INSIDER,PAY,Gift cards,Mediterranean,,,
1058,YUMS x2,INSIDER,PAY,Gift cards,Japanese,Accepting my yums,Welcome,
1059,YUMS x2,Pizzeria,,,,,,
1060,YUMS x2,INSIDER,French,,,,,
1061,YUMS x2,MICHELIN,INSIDER,Eco-friendly,French,,,
1062,YUMS x2,Vegetarian,,,,,,
1063,YUMS x2,PAY,Gift cards,Lebanese,,,,
1064,YUMS x2,PAY,Gift cards,Italian,Accepting my yums,,,
1065,YUMS x2,INSIDER,PAY,Gift cards,Italian,,,
1066,YUMS x2,INSIDER,PAY,Gift cards,Toscano,,,
1067,YUMS x2,INSIDER,PAY,Gift cards,Piemontese,,,
1068,YUMS x2,European,,,,,,
1069,YUMS x2,MICHELIN,INSIDER,PAY,Gift cards,Italian,,
1070,YUMS x2,INSIDER,PAY,Gift cards,,,,
1071,YUMS x2,MICHELIN,INSIDER,PAY,Gift cards,Seafood,Accepting my yums,
1072,YUMS x2,INSIDER,PAY,Gift cards,Sardo,,,
1073,YUMS x2,PAY,Gift cards,Indian,,,,
1074,YUMS x2,INSIDER,PAY,Gift cards,Italian,Accepting my yums,,
1075,YUMS x2,INSIDER,PAY,Gift cards,Siciliano,,,
1076,YUMS x2,INSIDER,French,,,,,
1077,YUMS x2,INSIDER,French,,,,,
1078,YUMS x2,INSIDER,Meat Cuisine,Accepting my yums,,,,
1079,YUMS x2,MICHELIN,INSIDER,PAY,Gift cards,Spanish,Welcome,
1080,Portuguese,,,,,,,
1081,INSIDER,International,,,,,,
1082,Italian,,,,,,,
1083,INSIDER,Regional,,,,,,
1084,American,,,,,,,
1085,Pizzeria,,,,,,,
1086,Portuguese,,,,,,,
1087,INSIDER,Japanese,,,,,,
1088,American,,,,,,,
1089,European,,,,,,,
1090,Asian,,,,,,,
1091,Mediterranean,,,,,,,
1092,INSIDER,Mediterranean,Accepting my yums,,,,,
1093,European,,,,,,,
1094,INSIDER,Portuguese,,,,,,
1095,European,,,,,,,
1096,INSIDER,European,,,,,,
1097,INSIDER,Steakhouse,,,,,,
1098,INSIDER,Grilled,,,,,,
1099,INSIDER,Grilled,,,,,,
1100,INSIDER,Portuguese,,,,,,
1101,INSIDER,Italian,,,,,,
1102,European,,,,,,,
1103,Italian,,,,,,,
1104,INSIDER,Mexican,,,,,,
1105,Pizzeria,,,,,,,
1106,American,,,,,,,
1107,European,,,,,,,
1108,Brazilian,,,,,,,
1109,European,,,,,,,
1110,Pizzeria,,,,,,,
1111,INSIDER,Portuguese,,,,,,
1112,Mediterranean,,,,,,,
1113,Portuguese,,,,,,,
1114,Mediterranean,,,,,,,
1115,Regional,,,,,,,
1116,Portuguese,,,,,,,
1117,International,Accepting my yums,,,,,,
1118,European,,,,,,,
1119,Pizzeria,,,,,,,
1120,Pizzeria,,,,,,,
1121,Brazilian,,,,,,,
1122,Pizzeria,,,,,,,
1123,European,,,,,,,
1124,Steakhouse,,,,,,,
1125,Pizzeria,,,,,,,
1126,European,,,,,,,
1127,Fusion,,,,,,,
1128,Regional,,,,,,,
1129,European,,,,,,,
1130,European,,,,,,,
1131,Portuguese,,,,,,,
1132,Pizzeria,,,,,,,
1133,International food,,,,,,,
1134,Traditional cuisine,,,,,,,
1135,Portuguese,,,,,,,
1136,Varied,,,,,,,
1137,European,,,,,,,
1138,Pizzeria,,,,,,,
1139,Pizzeria,,,,,,,
1140,INSIDER,Portuguese,,,,,,
1141,European,,,,,,,
1142,European,,,,,,,
1143,Portuguese,,,,,,,
1144,Portuguese,,,,,,,
1145,European,,,,,,,
1146,International,,,,,,,
1147,Portuguese,,,,,,,
1148,Seafood,,,,,,,
1149,American,,,,,,,
1150,Pizzeria,,,,,,,
1151,American,,,,,,,
1152,Portuguese,,,,,,,
1153,Pub grub,,,,,,,
1154,Fusion,,,,,,,
1155,European,,,,,,,
1156,Indian,,,,,,,
1157,YUMS x2,Pizzeria,,,,,,
1158,Italian,,,,,,,
1159,Steakhouse,,,,,,,
1160,Portuguese,,,,,,,
1161,INSIDER,Mediterranean,,,,,,
1162,YUMS x2,Portuguese,,,,,,
1163,INSIDER,Portuguese,,,,,,
1164,Fusion,,,,,,,
1165,Mediterranean,,,,,,,
1166,Japanese,,,,,,,
1167,Mediterranean,,,,,,,
1168,Pizzeria,,,,,,,
1169,International,,,,,,,
1170,Mediterranean,,,,,,,
1171,Portuguese,,,,,,,
1172,INSIDER,Mediterranean,,,,,,
1173,Fusion,,,,,,,
1174,Portuguese,,,,,,,
1175,Mediterranean,,,,,,,
1176,Portuguese,,,,,,,
1177,Portuguese,,,,,,,
1178,Steakhouse,,,,,,,
1179,Italian,,,,,,,
1180,Mediterranean,Accepting my yums,,,,,,
1181,Mediterranean,,,,,,,
1182,Portuguese,,,,,,,
1183,Italian,,,,,,,
1184,Brazilian,,,,,,,
1185,Pizzeria,,,,,,,
1186,Vegetarian,,,,,,,
1187,Steakhouse,,,,,,,
1188,Portuguese,,,,,,,
1189,Italian,,,,,,,
1190,European,,,,,,,
1191,INSIDER,International,,,,,,
1192,Japanese,,,,,,,
1193,Italian,,,,,,,
1194,Brazilian,,,,,,,
1195,Italian,,,,,,,
1196,International,,,,,,,
1197,INSIDER,International food,,,,,,
1198,Portuguese,,,,,,,
1199,Mediterranean,,,,,,,
1200,Mediterranean,,,,,,,
1201,Steakhouse,,,,,,,
1202,Vegan cuisine,,,,,,,
1203,Mediterranean,,,,,,,
1204,Portuguese,,,,,,,
1205,Portuguese,,,,,,,
1206,YUMS x2,Portuguese,,,,,,
1207,Italian,,,,,,,
1208,Portuguese,,,,,,,
1209,YUMS x2,Portuguese,,,,,,
1210,INSIDER,Portuguese,,,,,,
1211,YUMS x2,Pizzeria,,,,,,
1212,YUMS x2,Portuguese,,,,,,
1213,YUMS x2,Asian,,,,,,
1214,Japanese,,,,,,,
1215,International,,,,,,,
1216,Portuguese,,,,,,,
1217,MICHELIN,INSIDER,Portuguese,,,,,
1218,Japanese,,,,,,,
1219,INSIDER,Portuguese,,,,,,
1220,Portuguese,,,,,,,
1221,INSIDER,Mediterranean,,,,,,
1222,YUMS x2,INSIDER,Mediterranean,,,,,
1223,Pizzeria,,,,,,,
1224,American,,,,,,,
1225,YUMS x2,European,,,,,,
1226,YUMS x2,Portuguese,Accepting my yums,,,,,
1227,European,,,,,,,
1228,Vegan cuisine,,,,,,,
1229,Portuguese,,,,,,,
1230,Portuguese,,,,,,,
1231,Japanese,,,,,,,
1232,Portuguese,,,,,,,
1233,Portuguese,,,,,,,
1234,Portuguese,,,,,,,
1235,Pizzeria,,,,,,,
1236,European,,,,,,,
1237,International,,,,,,,
1238,Mediterranean,Accepting my yums,,,,,,
1239,Portuguese,,,,,,,
1240,MICHELIN,INSIDER,Japanese,,,,,
1241,Meat Cuisine,,,,,,,
1242,European,,,,,,,
1243,Pizzeria,,,,,,,
1244,Mexican,,,,,,,
1245,Portuguese,,,,,,,
1246,Japanese,,,,,,,
1247,YUMS x2,Steakhouse,,,,,,
1248,Pizzeria,,,,,,,
1249,Portuguese,,,,,,,
1250,YUMS x2,Japanese,,,,,,
1251,YUMS x2,Brazilian,,,,,,
1252,Japanese,,,,,,,
1253,INSIDER,Japanese,,,,,,
1254,Japanese,,,,,,,
1255,International,,,,,,,
1256,Portuguese,,,,,,,
1257,Portuguese,,,,,,,
1258,Asian,,,,,,,
1259,Portuguese,,,,,,,
1260,INSIDER,Pizzeria,,,,,,
1261,Portuguese,,,,,,,
1262,Portuguese,,,,,,,
1263,Japanese,,,,,,,
1264,Portuguese,Accepting my yums,,,,,,
1265,American,,,,,,,
1266,Brazilian,,,,,,,
1267,Portuguese,,,,,,,
1268,Portuguese,,,,,,,
1269,Pizzeria,,,,,,,
1270,Japanese,,,,,,,
1271,Steakhouse,,,,,,,
1272,Grilled,,,,,,,
1273,Mediterranean,,,,,,,
1274,International,,,,,,,
1275,Mediterranean,,,,,,,
1276,Japanese,,,,,,,
1277,Italian,,,,,,,
1278,Portuguese,,,,,,,
1279,International,Accepting my yums,,,,,,
1280,Portuguese,,,,,,,
1281,INSIDER,Seafood,,,,,,
1282,Pizzeria,,,,,,,
1283,Vegan cuisine,,,,,,,
1284,Steakhouse,,,,,,,
1285,International,,,,,,,
1286,Portuguese,,,,,,,
1287,Toscano,,,,,,,
1288,Japanese,,,,,,,
1289,Portuguese,,,,,,,
1290,Fusion,,,,,,,
1291,Japanese,,,,,,,
1292,Italian,,,,,,,
1293,Portuguese,,,,,,,
1294,Pizzeria,,,,,,,
1295,Peruvian,,,,,,,
1296,Pizzeria,,,,,,,
1297,Japanese,,,,,,,
1298,Portuguese,,,,,,,
1299,Seafood,,,,,,,
1300,Pizzeria,,,,,,,
1301,International,,,,,,,
1302,YUMS x2,Steakhouse,,,,,,
1303,Portuguese,,,,,,,
1304,Portuguese,,,,,,,
1305,Pizzeria,,,,,,,
1306,Mediterranean,,,,,,,
1307,Portuguese,,,,,,,
1308,International,,,,,,,
1309,Japanese,,,,,,,
1310,Japanese,,,,,,,
1311,Mediterranean,,,,,,,
1312,Japanese,,,,,,,
1313,Pizzeria,,,,,,,
1314,Pizzeria,,,,,,,
1315,Portuguese,,,,,,,
1316,Japanese,,,,,,,
1317,Japanese,,,,,,,
1318,Japanese,,,,,,,
1319,Portuguese,,,,,,,
1320,INSIDER,Spanish,,,,,,
1321,Peruvian,Accepting my yums,,,,,,
1322,Steakhouse,,,,,,,
1323,African,,,,,,,
1324,Mediterranean,,,,,,,
1325,Portuguese,,,,,,,
1326,Varied,,,,,,,
1327,INSIDER,Japanese,Accepting my yums,,,,,
1328,Portuguese,,,,,,,
1329,Mediterranean,,,,,,,
1330,Japanese,,,,,,,
1331,Japanese,,,,,,,
1332,Portuguese,Accepting my yums,,,,,,
1333,YUMS x2,Asian,,,,,,
1334,Portuguese,,,,,,,
1335,Seafood,,,,,,,
1336,Brazilian,,,,,,,
1337,Italian,,,,,,,
1338,Pizzeria,,,,,,,
1339,Japanese,,,,,,,
1340,Portuguese,,,,,,,
1341,Pizzeria,,,,,,,
1342,Portuguese,,,,,,,
1343,Portuguese,Accepting my yums,,,,,,
1344,Italian,,,,,,,
1345,Portuguese,,,,,,,
1346,Mexican,,,,,,,
1347,Portuguese,,,,,,,
1348,Pizzeria,,,,,,,
1349,Asian,,,,,,,
1350,Asian,,,,,,,
1351,Indian,,,,,,,
1352,YUMS x2,European,,,,,,
1353,Steakhouse,,,,,,,
1354,Japanese,,,,,,,
1355,INSIDER,Portuguese,Accepting my yums,,,,,
1356,YUMS x2,European,,,,,,
1357,Japanese,,,,,,,
1358,Syrian,,,,,,,
1359,American,,,,,,,
1360,American,,,,,,,
1361,Steakhouse,,,,,,,
1362,Grilled,,,,,,,
1363,Italian,,,,,,,
1364,Steakhouse,,,,,,,
1365,Mediterranean,,,,,,,
1366,Portuguese,,,,,,,
1367,Korean,Accepting my yums,,,,,,
1368,Portuguese,,,,,,,
1369,Regional,,,,,,,
1370,Portuguese,,,,,,,
1371,Japanese,,,,,,,
1372,Indian,,,,,,,
1373,YUMS x2,Regional,,,,,,
1374,YUMS x2,European,,,,,,
1375,YUMS x2,Portuguese,Accepting my yums,,,,,
1376,YUMS x2,Indian,,,,,,
1377,YUMS x2,INSIDER,Mediterranean,,,,,
1378,Mexican,,,,,,,
1379,MICHELIN,INSIDER,International food,,,,,
1380,YUMS x2,Steakhouse,,,,,,
1381,Iranian,,,,,,,
1382,YUMS x2,International food,,,,,,
1383,YUMS x2,Portuguese,Accepting my yums,,,,,
1384,YUMS x2,INSIDER,Portuguese,Accepting my yums,,,,
1385,Fusion,,,,,,,
1386,Indian,,,,,,,
1387,YUMS x2,Mexican,,,,,,
1388,International,,,,,,,
1389,Portuguese,,,,,,,
1390,YUMS x2,Portuguese,,,,,,
1391,Japanese,,,,,,,
1392,YUMS x2,Portuguese,,,,,,
1393,Japanese,,,,,,,
1394,Nepalese,,,,,,,
1395,International,,,,,,,
1396,INSIDER,Meat Cuisine,,,,,,
1397,International,,,,,,,
1398,INSIDER,International,,,,,,
1399,Japanese,,,,,,,
1400,Portuguese,,,,,,,
1401,YUMS x2,Spanish,,,,,,
1402,Steakhouse,,,,,,,
1403,Mexican,,,,,,,
1404,International,,,,,,,
1405,Mediterranean,,,,,,,
1406,International,,,,,,,
1407,Pizzeria,,,,,,,
1408,Asian,,,,,,,
1409,Portuguese,,,,,,,
1410,European,,,,,,,
1411,Brazilian,,,,,,,
1412,Mexican,,,,,,,
1413,Meat Cuisine,,,,,,,
1414,International,,,,,,,
1415,Lebanese,,,,,,,
1416,Italian,,,,,,,
1417,Vegan cuisine,,,,,,,
1418,INSIDER,Portuguese,,,,,,
1419,Japanese,,,,,,,
1420,YUMS x2,INSIDER,Portuguese,,,,,
1421,International,,,,,,,
1422,Portuguese,,,,,,,
1423,Brazilian,,,,,,,
1424,International,,,,,,,
1425,Italian,,,,,,,
1426,Pizzeria,,,,,,,
1427,Japanese,,,,,,,
1428,Portuguese,,,,,,,
1429,Mexican,,,,,,,
1430,Portuguese,,,,,,,
1431,Asian,,,,,,,
1432,Portuguese,,,,,,,
1433,Pizzeria,,,,,,,
1434,MICHELIN,INSIDER,International,,,,,
1435,Fusion,,,,,,,
1436,Steakhouse,,,,,,,
1437,Portuguese,,,,,,,
1438,Indian,,,,,,,
1439,YUMS x2,Pizzeria,,,,,,
1440,Portuguese,,,,,,,
1441,Lebanese,,,,,,,
1442,YUMS x2,Mexican,Accepting my yums,,,,,
1443,YUMS x2,Pizzeria,,,,,,
1444,Japanese,,,,,,,
1445,Mediterranean,,,,,,,
1446,YUMS x2,Peruvian,,,,,,
1447,Asian,,,,,,,
1448,Portuguese,,,,,,,
1449,Italian,,,,,,,
1450,Mediterranean,,,,,,,
1451,French,,,,,,,
1452,Indian,,,,,,,
1453,YUMS x2,Cantonese,,,,,,
1454,Italian,,,,,,,
1455,Pizzeria,,,,,,,
1456,Portuguese,,,,,,,
1457,Mediterranean,,,,,,,
1458,Mediterranean,,,,,,,
1459,Portuguese,,,,,,,
1460,Brazilian,,,,,,,
1461,Japanese,,,,,,,
1462,Portuguese,,,,,,,
1463,International,,,,,,,
1464,Portuguese,,,,,,,
1465,YUMS x2,International,,,,,,
1466,Thai,,,,,,,
1467,Mexican,,,,,,,
1468,Meat Cuisine,,,,,,,
1469,INSIDER,Mediterranean,,,,,,
1470,Portuguese,,,,,,,
1471,International,,,,,,,
1472,Portuguese,,,,,,,
1473,American,,,,,,,
1474,INSIDER,Portuguese,,,,,,
1475,Pizzeria,,,,,,,
1476,Italian,,,,,,,
1477,INSIDER,Steakhouse,,,,,,
1478,YUMS x2,European,Accepting my yums,,,,,
1479,Peruvian,,,,,,,
1480,Japanese,,,,,,,
1481,Japanese,,,,,,,
1482,Portuguese,,,,,,,
1483,Mediterranean,,,,,,,
1484,International,,,,,,,
1485,INSIDER,Portuguese,Accepting my yums,,,,,
1486,INSIDER,Japanese,,,,,,
1487,Indian,,,,,,,
1488,African,,,,,,,
1489,Japanese,,,,,,,
1490,YUMS x2,Portuguese,,,,,,
1491,INSIDER,Pizzeria,,,,,,
1492,Traditional cuisine,,,,,,,
1493,INSIDER,Portuguese,Accepting my yums,,,,,
1494,Portuguese,,,,,,,
1495,INSIDER,Vegan cuisine,,,,,,
1496,Mediterranean,,,,,,,
1497,INSIDER,Brazilian,,,,,,
1498,Portuguese,,,,,,,
1499,American,,,,,,,
1500,Asian,,,,,,,
1501,Portuguese,,,,,,,
1502,Portuguese,,,,,,,
1503,INSIDER,Portuguese,Accepting my yums,,,,,
1504,YUMS x2,Portuguese,,,,,,
1505,Italian,,,,,,,
1506,Portuguese,,,,,,,
1507,Portuguese,,,,,,,
1508,Pizzeria,,,,,,,
1509,Portuguese,,,,,,,
1510,YUMS x2,Portuguese,Accepting my yums,,,,,
1511,INSIDER,Seafood,,,,,,
1512,Japanese,,,,,,,
1513,INSIDER,Portuguese,Accepting my yums,,,,,
1514,Greek,,,,,,,
1515,YUMS x2,Portuguese,,,,,,
1516,Portuguese,,,,,,,
1517,International,,,,,,,
1518,Portuguese,,,,,,,
1519,Asian,,,,,,,
1520,Seafood,,,,,,,
1521,INSIDER,Japanese,,,,,,
1522,Peruvian,,,,,,,
1523,Pizzeria,,,,,,,
1524,MICHELIN,INSIDER,Portuguese,,,,,
1525,European,,,,,,,
1526,Grilled,,,,,,,
1527,Indian,,,,,,,
1528,Tibetan,,,,,,,
1529,Steakhouse,,,,,,,
1530,Mediterranean,,,,,,,
1531,MICHELIN,INSIDER,Portuguese,Accepting my yums,,,,
1532,INSIDER,European,,,,,,
1533,International,,,,,,,
1534,Vietnamese,,,,,,,
1535,INSIDER,Portuguese,,,,,,
1536,Italian,,,,,,,
1537,Portuguese,,,,,,,
1538,Portuguese,,,,,,,
1539,Portuguese,,,,,,,
1540,Mediterranean,,,,,,,
1541,Portuguese,,,,,,,
1542,International,,,,,,,
1543,INSIDER,Portuguese,,,,,,
1544,Portuguese,,,,,,,
1545,INSIDER,Portuguese,,,,,,
1546,International food,,,,,,,
1547,Portuguese,,,,,,,
1548,Portuguese,,,,,,,
1549,International,,,,,,,
1550,Portuguese,,,,,,,
1551,Mexican,,,,,,,
1552,Portuguese,,,,,,,
1553,Portuguese,,,,,,,
1554,Portuguese,,,,,,,
1555,Portuguese,,,,,,,
1556,Fusion,,,,,,,
1557,Argentinian,,,,,,,
1558,Mediterranean,,,,,,,
1559,International,Accepting my yums,,,,,,
1560,Pizzeria,,,,,,,
1561,International,,,,,,,
1562,International,,,,,,,
1563,Japanese,,,,,,,
1564,Portuguese,,,,,,,
1565,Portuguese,,,,,,,
1566,Mediterranean,,,,,,,
1567,Indian,,,,,,,
1568,Portuguese,,,,,,,
1569,Portuguese,,,,,,,
1570,Varied,,,,,,,
1571,Pizzeria,,,,,,,
1572,Portuguese,,,,,,,
1573,Indian,,,,,,,
1574,Regional,Accepting my yums,,,,,,
1575,Italian,,,,,,,
1576,International food,,,,,,,
1577,INSIDER,Brazilian,,,,,,
1578,Portuguese,,,,,,,
1579,European,,,,,,,
1580,Mediterranean,,,,,,,
1581,Portuguese,,,,,,,
1582,Mediterranean,,,,,,,
1583,Portuguese,,,,,,,
1584,Korean,,,,,,,
1585,Pizzeria,,,,,,,
1586,American,Accepting my yums,,,,,,
1587,Italian,,,,,,,
1588,Steakhouse,,,,,,,
1589,International,,,,,,,
1590,Portuguese,,,,,,,
1591,Portuguese,,,,,,,
1592,INSIDER,International food,,,,,,
1593,European,,,,,,,
1594,International,,,,,,,
1595,Portuguese,,,,,,,
1596,Pizzeria,,,,,,,
1597,Italian,,,,,,,
1598,Italian,,,,,,,
1599,International,,,,,,,
1600,Vegan cuisine,,,,,,,
1601,YUMS x2,Seafood,,,,,,
1602,International,,,,,,,
1603,Mediterranean,,,,,,,
1604,Portuguese,,,,,,,
1605,Indian,,,,,,,
1606,International,,,,,,,
1607,Mediterranean,Accepting my yums,,,,,,
1608,Fusion,,,,,,,
1609,Indian,,,,,,,
1610,YUMS x2,Portuguese,Accepting my yums,,,,,
1611,International,,,,,,,
1612,International food,,,,,,,
1613,Portuguese,,,,,,,
1614,Pizzeria,,,,,,,
1615,French,,,,,,,
1616,Portuguese,,,,,,,
1617,MICHELIN,International,,,,,,
1618,Pizzeria,,,,,,,
1619,Portuguese,,,,,,,
1620,Portuguese,,,,,,,
1621,Seafood,,,,,,,
1622,Portuguese,,,,,,,
1623,Portuguese,,,,,,,
1624,Portuguese,,,,,,,
1625,Portuguese,,,,,,,
1626,Mediterranean,,,,,,,
1627,Seafood,,,,,,,
1628,Italian,,,,,,,
1629,Portuguese,,,,,,,
1630,Pizzeria,,,,,,,
1631,International,,,,,,,
1632,Portuguese,,,,,,,
1633,International,Accepting my yums,,,,,,
1634,Asian,,,,,,,
1635,International,,,,,,,
1636,Pizzeria,,,,,,,
1637,Portuguese,Accepting my yums,,,,,,
1638,Steakhouse,,,,,,,
1639,Pizzeria,,,,,,,
1640,Fusion,,,,,,,
1641,Seafood,,,,,,,
1642,International food,,,,,,,
1643,Steakhouse,Accepting my yums,,,,,,
1644,Mexican,,,,,,,
1645,Portuguese,,,,,,,
1646,Portuguese,,,,,,,
1647,Italian,,,,,,,
1648,Portuguese,,,,,,,
1649,Italian,,,,,,,
1650,Italian,,,,,,,
1651,Portuguese,,,,,,,
1652,International,,,,,,,
1653,Portuguese,,,,,,,
1654,Portuguese,,,,,,,
1655,International,,,,,,,
1656,Japanese,,,,,,,
1657,Seafood,,,,,,,
1658,Japanese,,,,,,,
1659,Indian,,,,,,,
1660,Mediterranean,,,,,,,
1661,Seafood,,,,,,,
1662,MICHELIN,Mexican,,,,,,
1663,INSIDER,Mediterranean,,,,,,
1664,Portuguese,,,,,,,
1665,American,,,,,,,
1666,YUMS x2,Portuguese,Accepting my yums,,,,,
1667,INSIDER,European,,,,,,
1668,Steakhouse,,,,,,,
1669,Portuguese,,,,,,,
1670,MICHELIN,INSIDER,International,,,,,
1671,Portuguese,,,,,,,
1672,International,,,,,,,
1673,MICHELIN,INSIDER,Mediterranean,,,,,
1674,Portuguese,,,,,,,
1675,Portuguese,,,,,,,
1676,Portuguese,,,,,,,
1677,INSIDER,Portuguese,,,,,,
1678,INSIDER,Traditional cuisine,,,,,,
1679,Mexican,,,,,,,
1680,Mediterranean,,,,,,,
1681,Pugliese,,,,,,,
1682,Portuguese,,,,,,,
1683,Mediterranean,,,,,,,
1684,Pizzeria,,,,,,,
1685,European,,,,,,,
1686,Pizzeria,,,,,,,
1687,International,,,,,,,
1688,American,,,,,,,
1689,Portuguese,,,,,,,
1690,Portuguese,Accepting my yums,,,,,,
1691,Portuguese,,,,,,,
1692,Portuguese,,,,,,,
1693,Portuguese,,,,,,,
1694,Italian,,,,,,,
1695,INSIDER,Portuguese,,,,,,
1696,Italian,,,,,,,
1697,Portuguese,,,,,,,
1698,Steakhouse,,,,,,,
1699,International,,,,,,,
1700,Portuguese,,,,,,,
1701,Portuguese,,,,,,,
1702,Portuguese,,,,,,,
1703,International,,,,,,,
1704,Pizzeria,,,,,,,
1705,Pizzeria,,,,,,,
1706,International food,,,,,,,
1707,Seafood,,,,,,,
1708,INSIDER,International,,,,,,
1709,Portuguese,,,,,,,
1710,European,,,,,,,
1711,Mediterranean,,,,,,,
1712,Portuguese,,,,,,,
1713,Portuguese,,,,,,,
1714,MICHELIN,INSIDER,International food,,,,,
1715,Portuguese,,,,,,,
1716,Italian,,,,,,,
1717,INSIDER,Portuguese,,,,,,
1718,INSIDER,Portuguese,,,,,,
1719,Pizzeria,,,,,,,
1720,Pizzeria,,,,,,,
1721,INSIDER,MICHELIN,Vegetarian,,,,,
1722,European,,,,,,,
1723,Portuguese,,,,,,,
1724,Portuguese,,,,,,,
1725,Japanese,,,,,,,
1726,Portuguese,,,,,,,
1727,Portuguese,,,,,,,
1728,Seafood,,,,,,,
1729,Steakhouse,,,,,,,
1730,INSIDER,Local,,,,,,
1731,Italian,,,,,,,
1732,Portuguese,,,,,,,
1733,Italian,,,,,,,
1734,Steakhouse,,,,,,,
1735,Steakhouse,,,,,,,
1736,INSIDER,MICHELIN,Traditional cuisine,,,,,
1737,Italian,,,,,,,
1738,Portuguese,,,,,,,
1739,INSIDER,MICHELIN,Portuguese,,,,,
1740,INSIDER,Portuguese,,,,,,
1741,MICHELIN,INSIDER,International,,,,,
1742,Portuguese,,,,,,,
1743,Portuguese,,,,,,,
1744,Portuguese,,,,,,,
1745,Mediterranean,,,,,,,
1746,INSIDER,Fusion,,,,,,
1747,Portuguese,,,,,,,
1748,Indian,,,,,,,
1749,Portuguese,,,,,,,
1750,Portuguese,,,,,,,
1751,Vietnamese,,,,,,,
1752,INSIDER,Portuguese,,,,,,
1753,American,,,,,,,
1754,European,Accepting my yums,,,,,,
1755,Portuguese,,,,,,,
1756,Seafood,,,,,,,
1757,Lebanese,,,,,,,
1758,Portuguese,,,,,,,
1759,International food,,,,,,,
1760,Pizzeria,,,,,,,
1761,INSIDER,MICHELIN,Portuguese,,,,,
1762,Portuguese,,,,,,,
1763,Italian,,,,,,,
1764,Italian,,,,,,,
1765,American,,,,,,,
1766,Asian,,,,,,,
1767,Portuguese,,,,,,,
1768,Brazilian,,,,,,,
1769,International,,,,,,,
1770,Portuguese,Accepting my yums,,,,,,
1771,Portuguese,,,,,,,
1772,European,,,,,,,
1773,Portuguese,,,,,,,
1774,YUMS x2,Portuguese,,,,,,
1775,International,,,,,,,
1776,Mediterranean,,,,,,,
1777,Indian,,,,,,,
1778,Spanish,,,,,,,
1779,Portuguese,,,,,,,
1780,Vegetarian,,,,,,,
1781,European,,,,,,,
1782,International,,,,,,,
1783,Italian,,,,,,,
1784,Japanese,,,,,,,
1785,INSIDER,Portuguese,,,,,,
1786,Portuguese,,,,,,,
1787,Portuguese,,,,,,,
1788,Portuguese,,,,,,,
1789,Portuguese,,,,,,,
1790,Portuguese,,,,,,,
1791,Seafood,,,,,,,
1792,Mexican,,,,,,,
1793,MICHELIN,INSIDER,Portuguese,,,,,
1794,INSIDER,Italian,,,,,,
1795,Portuguese,,,,,,,
1796,Vegan cuisine,Accepting my yums,,,,,,
1797,International,,,,,,,
1798,Portuguese,,,,,,,
1799,YUMS x2,French,,,,,,
1800,Mexican,,,,,,,
1801,Pizzeria,,,,,,,
1802,International,,,,,,,
1803,International,,,,,,,
1804,MICHELIN,Portuguese,,,,,,
1805,Portuguese,,,,,,,
1806,Portuguese,,,,,,,
1807,Portuguese,,,,,,,
1808,Portuguese,,,,,,,
1809,INSIDER,International,,,,,,
1810,INSIDER,Japanese,,,,,,
1811,Portuguese,,,,,,,
1812,Portuguese,,,,,,,
1813,Portuguese,,,,,,,
1814,Portuguese,Accepting my yums,,,,,,
1815,European,,,,,,,
1816,International,,,,,,,
1817,Portuguese,,,,,,,
1818,Portuguese,,,,,,,
1819,European,,,,,,,
1820,INSIDER,Japanese,,,,,,
1821,Seafood,,,,,,,
1822,Portuguese,,,,,,,
1823,Steakhouse,,,,,,,
1824,Portuguese,,,,,,,
1825,Portuguese,,,,,,,
1826,European,Accepting my yums,,,,,,
1827,Traditional cuisine,,,,,,,
1828,YUMS x2,MICHELIN,INSIDER,Spanish,Welcome,,,
1829,YUMS x2,MICHELIN,French,Accepting my yums,,,,
1830,YUMS x2,MICHELIN,INSIDER,French,,,,
1831,YUMS x2,MICHELIN,British,,,,,
1832,YUMS x2,MICHELIN,INSIDER,Mediterranean,Accepting my yums,Welcome,,
1833,YUMS x2,MICHELIN,INSIDER,PAY,Gift cards,French,,
1834,YUMS x2,MICHELIN,Fusion,Accepting my yums,,,,
1835,YUMS x2,MICHELIN,INSIDER,Catalan,Welcome,,,
1836,YUMS x2,INSIDER,PAY,Gift cards,Italian,Accepting my yums,,
1837,YUMS x2,MICHELIN,INSIDER,French,,,,
1838,YUMS x2,MICHELIN,INSIDER,French,,,,
1839,YUMS x2,Steakhouse,Accepting my yums,,,,,
1840,YUMS x2,PAY,Gift cards,Meat Cuisine,Accepting my yums,,,
1841,YUMS x2,MICHELIN,INSIDER,Mediterranean,Welcome,,,
1842,YUMS x2,MICHELIN,French,,,,,
1843,MICHELIN,PAY,Gift cards,Mediterranean,Welcome,,,
1844,YUMS x2,MICHELIN,INSIDER,French,,,,
1845,YUMS x2,INSIDER,PAY,Gift cards,French,Accepting my yums,,
1846,YUMS x2,Eritrean,,,,,,
1847,YUMS x2,Eritrean,,,,,,
1848,YUMS x2,MICHELIN,INSIDER,French,,,,
1849,YUMS x2,European,,,,,,
1850,YUMS x2,Mediterranean,,,,,,
1851,YUMS x2,MICHELIN,INSIDER,French,,,,
1852,YUMS x2,INSIDER,PAY,Gift cards,Meat Cuisine,,,
1853,YUMS x2,INSIDER,Meat Cuisine,Accepting my yums,,,,
1854,YUMS x2,INSIDER,Italian,,,,,
1855,YUMS x2,European,Accepting my yums,,,,,
1856,YUMS x2,INSIDER,French,,,,,
1857,YUMS x2,MICHELIN,INSIDER,PAY,Gift cards,Italian,,
1858,MICHELIN,Local,,,,,,
1859,YUMS x2,European,,,,,,
1860,YUMS x2,MICHELIN,PAY,INSIDER,Gift cards,Mediterranean,Accepting my yums,Welcome
1861,YUMS x2,INSIDER,PAY,Gift cards,Campano,Accepting my yums,,
1862,YUMS x2,MICHELIN,INSIDER,Gift cards,French,Accepting my yums,,
1863,YUMS x2,Indian,,,,,,
1864,YUMS x2,Mediterranean,Accepting my yums,,,,,
1865,MICHELIN,PAY,Gift cards,Mediterranean,Welcome,,,
1866,YUMS x2,INSIDER,French,,,,,
1867,YUMS x2,INSIDER,Corsican,Accepting my yums,,,,
1868,YUMS x2,INSIDER,PAY,Gift cards,Mediterranean,,,
1869,YUMS x2,PAY,Gift cards,Italian,,,,
1870,YUMS x2,INSIDER,PAY,Gift cards,Veneziano,,,
1871,Steakhouse,Accepting my yums,,,,,,
1872,International,,,,,,,
1873,YUMS x2,INSIDER,International,Accepting my yums,,,,
1874,Portuguese,,,,,,,
1875,YUMS x2,Fusion,,,,,,
1876,YUMS x2,Steakhouse,,,,,,
1877,YUMS x2,PAY,Gift cards,Fusion,Welcome,,,
1878,YUMS x2,Japanese,,,,,,
1879,Portuguese,,,,,,,
1880,YUMS x2,Asian,,,,,,
1881,Portuguese,,,,,,,
1882,Portuguese,,,,,,,
1883,Grilled,,,,,,,
1884,European,,,,,,,
1885,INSIDER,Portuguese,,,,,,
1886,Portuguese,,,,,,,
1887,INSIDER,Mediterranean,,,,,,
1888,YUMS x2,MICHELIN,PAY,Gift cards,Welcome,,,
1889,Portuguese,,,,,,,
1890,Traditional cuisine,,,,,,,
1891,MICHELIN,Portuguese,,,,,,
1892,American,,,,,,,
1893,Portuguese,,,,,,,
1894,Traditional cuisine,,,,,,,
1895,YUMS x2,MICHELIN,INSIDER,PAY,Gift cards,European,Welcome,
1896,YUMS x2,INSIDER,PAY,Gift cards,International,,,
1897,YUMS x2,PAY,Gift cards,Indian,Welcome,,,
1898,YUMS x2,MICHELIN,INSIDER,Local,Accepting my yums,Welcome,,
1899,YUMS x2,MICHELIN,British,,,,,
1900,YUMS x2,MICHELIN,INSIDER,PAY,Gift cards,Fusion,Welcome,
1901,YUMS x2,INSIDER,PAY,Gift cards,International,Accepting my yums,,
1902,YUMS x2,PAY,Gift cards,Pizzeria,,,,
1903,YUMS x2,MICHELIN,PAY,INSIDER,Gift cards,Spanish,Accepting my yums,Welcome
1904,YUMS x2,Japanese,Accepting my yums,,,,,
1905,MICHELIN,INSIDER,PAY,Gift cards,Spanish,Welcome,,
1906,INSIDER,PAY,Gift cards,Seafood,,,,
1907,YUMS x2,PAY,Gift cards,Mediterranean,,,,
1908,YUMS x2,European,,,,,,
1909,MICHELIN,INSIDER,Spanish,,,,,
1910,YUMS x2,MICHELIN,INSIDER,PAY,Gift cards,Spanish,Welcome,
1911,YUMS x2,INSIDER,PAY,Gift cards,Japanese,Accepting my yums,Welcome,
1912,YUMS x2,MICHELIN,INSIDER,French,,,,
1913,YUMS x2,INSIDER,Japanese,,,,,
1914,YUMS x2,INSIDER,PAY,Gift cards,Italian,,,
1915,YUMS x2,Indian,Accepting my yums,,,,,
1916,YUMS x2,International,Accepting my yums,,,,,
1917,YUMS x2,PAY,Gift cards,Vegetarian,,,,
1918,YUMS x2,INSIDER,French,,,,,
1919,YUMS x2,INSIDER,Regional,,,,,
1920,YUMS x2,PAY,Gift cards,Japanese,,,,
1921,YUMS x2,INSIDER,PAY,Gift cards,Mediterranean,,,
1922,YUMS x2,MICHELIN,INSIDER,Eco-friendly,French,,,
1923,YUMS x2,PAY,Gift cards,Indian,,,,
1924,YUMS x2,Pizzeria,,,,,,
1925,YUMS x2,MICHELIN,INSIDER,French,,,,
1926,YUMS x2,INSIDER,French,,,,,
1927,YUMS x2,Vegetarian,,,,,,
1928,YUMS x2,Regional,,,,,,
1929,YUMS x2,INSIDER,Italian,Accepting my yums,,,,
1930,YUMS x2,PAY,Gift cards,Italian,Accepting my yums,,,
1931,YUMS x2,MICHELIN,INSIDER,PAY,Gift cards,Italian,,
1932,YUMS x2,PAY,Gift cards,Lebanese,,,,
1933,YUMS x2,INSIDER,PAY,Gift cards,Italian,,,
1934,YUMS x2,European,,,,,,
1935,YUMS x2,MICHELIN,INSIDER,PAY,Gift cards,Seafood,Accepting my yums,
1936,YUMS x2,INSIDER,PAY,Gift cards,Sardo,,,
1937,YUMS x2,INSIDER,PAY,Gift cards,Italian,Accepting my yums,,
1938,YUMS x2,INSIDER,PAY,Gift cards,Piemontese,,,
1939,YUMS x2,INSIDER,PAY,Gift cards,Siciliano,,,
1940,YUMS x2,INSIDER,French,,,,,
1941,YUMS x2,INSIDER,Meat Cuisine,Accepting my yums,,,,
1942,YUMS x2,INSIDER,PAY,Gift cards,Toscano,,,
1943,YUMS x2,INSIDER,French,,,,,
1944,YUMS x2,INSIDER,PAY,Gift cards,,,,
1945,YUMS x2,International food,,,,,,
1946,YUMS x2,Italian,,,,,,
1947,Japanese,,,,,,,
1948,International food,,,,,,,
1949,Indian,,,,,,,
1950,YUMS x2,Italian,,,,,,
1951,Portuguese,,,,,,,
1952,YUMS x2,International food,,,,,,
1953,Pizzeria,,,,,,,
1954,Portuguese,,,,,,,
1955,International,,,,,,,
1956,Nepalese,,,,,,,
1957,Mediterranean,,,,,,,
1958,Mediterranean,,,,,,,
1959,International,,,,,,,
1960,Portuguese,,,,,,,
1961,European,Accepting my yums,,,,,,
1962,Mediterranean,,,,,,,
1963,Portuguese,,,,,,,
1964,Fusion,,,,,,,
1965,INSIDER,Portuguese,,,,,,
1966,INSIDER,International food,,,,,,
1967,International,,,,,,,
1968,Indian,,,,,,,
1969,INSIDER,Japanese,,,,,,
1970,Portuguese,,,,,,,
1971,Italian,,,,,,,
1972,INSIDER,Japanese,,,,,,
1973,European,,,,,,,
1974,Italian,,,,,,,
1975,Indian,,,,,,,
1976,Seafood,,,,,,,
1977,Italian,,,,,,,
1978,Mediterranean,,,,,,,
1979,Italian,,,,,,,
1980,Portuguese,,,,,,,
1981,Portuguese,,,,,,,
1982,International,,,,,,,
1983,Italian,,,,,,,
1984,Vegan cuisine,,,,,,,
1985,Steakhouse,Accepting my yums,,,,,,
1986,International,,,,,,,
1987,Portuguese,,,,,,,
1988,Indian,,,,,,,
1989,Steakhouse,,,,,,,
1990,Traditional cuisine,,,,,,,
1991,Greek,,,,,,,
1992,International,,,,,,,
1993,Mediterranean,,,,,,,
1994,Regional,Accepting my yums,,,,,,
1995,YUMS x2,MICHELIN,INSIDER,Mediterranean,Accepting my yums,Welcome,,
1996,YUMS x2,MICHELIN,French,Accepting my yums,,,,
1997,YUMS x2,MICHELIN,INSIDER,French,,,,
1998,YUMS x2,MICHELIN,British,,,,,
1999,YUMS x2,MICHELIN,INSIDER,French,,,,
2000,YUMS x2,MICHELIN,INSIDER,PAY,Gift cards,French,,
2001,YUMS x2,MICHELIN,INSIDER,Spanish,Welcome,,,
2002,YUMS x2,MICHELIN,INSIDER,Catalan,Welcome,,,
2003,YUMS x2,MICHELIN,Fusion,Accepting my yums,,,,
2004,YUMS x2,Steakhouse,Accepting my yums,,,,,
2005,YUMS x2,MICHELIN,INSIDER,Mediterranean,Welcome,,,
2006,YUMS x2,MICHELIN,INSIDER,French,,,,
2007,YUMS x2,MICHELIN,INSIDER,French,,,,
2008,YUMS x2,Eritrean,,,,,,
2009,YUMS x2,MICHELIN,French,,,,,
2010,YUMS x2,MICHELIN,INSIDER,French,,,,
2011,MICHELIN,PAY,Gift cards,Mediterranean,Welcome,,,
2012,YUMS x2,INSIDER,PAY,Gift cards,French,Accepting my yums,,
2013,YUMS x2,INSIDER,PAY,Gift cards,Italian,Accepting my yums,,
2014,YUMS x2,Mediterranean,,,,,,
2015,YUMS x2,PAY,Gift cards,Meat Cuisine,Accepting my yums,,,
2016,YUMS x2,MICHELIN,INSIDER,French,,,,
2017,YUMS x2,Eritrean,,,,,,
2018,YUMS x2,INSIDER,PAY,Gift cards,Meat Cuisine,,,
2019,YUMS x2,European,,,,,,
2020,YUMS x2,INSIDER,Meat Cuisine,Accepting my yums,,,,
2021,YUMS x2,European,Accepting my yums,,,,,
2022,YUMS x2,INSIDER,French,,,,,
2023,YUMS x2,MICHELIN,INSIDER,PAY,Gift cards,Italian,,
2024,MICHELIN,Local,,,,,,
2025,YUMS x2,MICHELIN,PAY,INSIDER,Gift cards,Mediterranean,Accepting my yums,Welcome
2026,YUMS x2,MICHELIN,INSIDER,Gift cards,French,Accepting my yums,,
2027,YUMS x2,INSIDER,PAY,Gift cards,Campano,Accepting my yums,,
2028,YUMS x2,INSIDER,Italian,,,,,
2029,YUMS x2,European,,,,,,
2030,MICHELIN,PAY,Gift cards,Mediterranean,Welcome,,,
2031,YUMS x2,INSIDER,PAY,Gift cards,Mediterranean,,,
2032,YUMS x2,Steakhouse,,,,,,
2033,YUMS x2,Fusion,,,,,,
2034,YUMS x2,Indian,,,,,,
2035,YUMS x2,INSIDER,Corsican,Accepting my yums,,,,
2036,YUMS x2,INSIDER,French,,,,,
2037,YUMS x2,INSIDER,International,Accepting my yums,,,,
2038,YUMS x2,PAY,Gift cards,Italian,,,,
2039,YUMS x2,PAY,Gift cards,Fusion,Welcome,,,
2040,YUMS x2,Japanese,,,,,,
2041,YUMS x2,INSIDER,PAY,Gift cards,Veneziano,,,
2042,YUMS x2,Asian,,,,,,
2043,Portuguese,,,,,,,
2044,YUMS x2,MICHELIN,PAY,Gift cards,Welcome,,,
2045,YUMS x2,Mediterranean,Accepting my yums,,,,,
2046,European,,,,,,,
2047,Portuguese,,,,,,,
2048,Italian,,,,,,,
2049,MICHELIN,INSIDER,Portuguese,,,,,
2050,Portuguese,,,,,,,
2051,Italian,,,,,,,
2052,Portuguese,,,,,,,
2053,Mediterranean,,,,,,,
2054,Japanese,,,,,,,
2055,Vegetarian,,,,,,,
2056,Mediterranean,,,,,,,
2057,Portuguese,,,,,,,
2058,Italian,,,,,,,
2059,Italian,,,,,,,
2060,Portuguese,,,,,,,
2061,Indian,,,,,,,
2062,Mediterranean,,,,,,,
2063,Mediterranean,,,,,,,
2064,INSIDER,European,,,,,,
2065,Portuguese,,,,,,,
2066,Mediterranean,,,,,,,
2067,YUMS x2,International food,,,,,,
2068,YUMS x2,Italian,,,,,,
2069,Japanese,,,,,,,
2070,International food,,,,,,,
2071,Indian,,,,,,,
2072,YUMS x2,Italian,,,,,,
2073,Portuguese,,,,,,,
2074,YUMS x2,International food,,,,,,
2075,Pizzeria,,,,,,,
2076,Portuguese,,,,,,,
2077,International,,,,,,,
2078,Nepalese,,,,,,,
2079,Mediterranean,,,,,,,
2080,Mediterranean,,,,,,,
2081,International,,,,,,,
2082,Portuguese,,,,,,,
2083,European,Accepting my yums,,,,,,
2084,Mediterranean,,,,,,,
2085,Portuguese,,,,,,,
2086,Fusion,,,,,,,
2087,INSIDER,Portuguese,,,,,,
2088,INSIDER,International food,,,,,,
2089,International,,,,,,,
2090,Indian,,,,,,,
2091,INSIDER,Japanese,,,,,,
2092,Portuguese,,,,,,,
2093,Italian,,,,,,,
2094,INSIDER,Japanese,,,,,,
2095,European,,,,,,,
2096,Italian,,,,,,,
2097,Indian,,,,,,,
2098,Seafood,,,,,,,
2099,Italian,,,,,,,
2100,Mediterranean,,,,,,,
2101,Italian,,,,,,,
2102,Portuguese,,,,,,,
2103,Portuguese,,,,,,,
2104,International,,,,,,,
2105,Italian,,,,,,,
2106,Vegan cuisine,,,,,,,
2107,Steakhouse,Accepting my yums,,,,,,
2108,International,,,,,,,
2109,Portuguese,,,,,,,
2110,Indian,,,,,,,
2111,Steakhouse,,,,,,,
2112,Traditional cuisine,,,,,,,
2113,Greek,,,,,,,
2114,International,,,,,,,
2115,Mediterranean,,,,,,,
2116,Regional,Accepting my yums,,,,,,
2117,YUMS x2,MICHELIN,INSIDER,Mediterranean,Accepting my yums,Welcome,,
2118,YUMS x2,MICHELIN,French,Accepting my yums,,,,
2119,YUMS x2,MICHELIN,INSIDER,French,,,,
2120,YUMS x2,MICHELIN,British,,,,,
2121,YUMS x2,MICHELIN,INSIDER,French,,,,
2122,YUMS x2,MICHELIN,INSIDER,PAY,Gift cards,French,,
2123,YUMS x2,MICHELIN,INSIDER,Spanish,Welcome,,,
2124,YUMS x2,MICHELIN,INSIDER,Catalan,Welcome,,,
2125,YUMS x2,MICHELIN,Fusion,Accepting my yums,,,,
2126,YUMS x2,Steakhouse,Accepting my yums,,,,,
2127,YUMS x2,MICHELIN,INSIDER,Mediterranean,Welcome,,,
2128,YUMS x2,MICHELIN,INSIDER,French,,,,
2129,YUMS x2,MICHELIN,INSIDER,French,,,,
2130,YUMS x2,Eritrean,,,,,,
2131,YUMS x2,MICHELIN,French,,,,,
2132,YUMS x2,MICHELIN,INSIDER,French,,,,
2133,MICHELIN,PAY,Gift cards,Mediterranean,Welcome,,,
2134,YUMS x2,INSIDER,PAY,Gift cards,French,Accepting my yums,,
2135,YUMS x2,INSIDER,PAY,Gift cards,Italian,Accepting my yums,,
2136,YUMS x2,Mediterranean,,,,,,
2137,YUMS x2,PAY,Gift cards,Meat Cuisine,Accepting my yums,,,
2138,YUMS x2,MICHELIN,INSIDER,French,,,,
2139,YUMS x2,Eritrean,,,,,,
2140,YUMS x2,INSIDER,PAY,Gift cards,Meat Cuisine,,,
2141,YUMS x2,European,,,,,,
2142,YUMS x2,INSIDER,Meat Cuisine,Accepting my yums,,,,
2143,YUMS x2,European,Accepting my yums,,,,,
2144,YUMS x2,INSIDER,French,,,,,
2145,YUMS x2,MICHELIN,INSIDER,PAY,Gift cards,Italian,,
2146,MICHELIN,Local,,,,,,
2147,YUMS x2,MICHELIN,PAY,INSIDER,Gift cards,Mediterranean,Accepting my yums,Welcome
2148,YUMS x2,MICHELIN,INSIDER,Gift cards,French,Accepting my yums,,
2149,YUMS x2,INSIDER,PAY,Gift cards,Campano,Accepting my yums,,
2150,YUMS x2,INSIDER,Italian,,,,,
2151,YUMS x2,European,,,,,,
2152,MICHELIN,PAY,Gift cards,Mediterranean,Welcome,,,
2153,YUMS x2,INSIDER,PAY,Gift cards,Mediterranean,,,
2154,YUMS x2,Steakhouse,,,,,,
2155,YUMS x2,Fusion,,,,,,
2156,YUMS x2,Indian,,,,,,
2157,YUMS x2,INSIDER,Corsican,Accepting my yums,,,,
2158,YUMS x2,INSIDER,French,,,,,
2159,YUMS x2,INSIDER,International,Accepting my yums,,,,
2160,YUMS x2,PAY,Gift cards,Italian,,,,
2161,YUMS x2,PAY,Gift cards,Fusion,Welcome,,,
2162,YUMS x2,Japanese,,,,,,
2163,YUMS x2,INSIDER,PAY,Gift cards,Veneziano,,,
2164,YUMS x2,Asian,,,,,,
2165,Portuguese,,,,,,,
2166,YUMS x2,MICHELIN,PAY,Gift cards,Welcome,,,
2167,YUMS x2,Mediterranean,Accepting my yums,,,,,
2168,European,,,,,,,
2169,Portuguese,,,,,,,
2170,Italian,,,,,,,
2171,MICHELIN,INSIDER,Portuguese,,,,,
2172,Portuguese,,,,,,,
2173,Italian,,,,,,,
2174,Portuguese,,,,,,,
2175,Mediterranean,,,,,,,
2176,Japanese,,,,,,,
2177,Vegetarian,,,,,,,
2178,Mediterranean,,,,,,,
2179,Portuguese,,,,,,,
2180,Italian,,,,,,,
2181,Italian,,,,,,,
2182,Portuguese,,,,,,,
2183,Indian,,,,,,,
2184,Mediterranean,,,,,,,
2185,Mediterranean,,,,,,,
2186,INSIDER,European,,,,,,
2187,Portuguese,,,,,,,
2188,Mediterranean,,,,,,,
2189,YUMS x2,Mediterranean,,,,,,
2190,Brazilian,,,,,,,
2191,European,,,,,,,
2192,Portuguese,,,,,,,
2193,Varied,,,,,,,
2194,INSIDER,Mediterranean,,,,,,
2195,Portuguese,,,,,,,
2196,Portuguese,,,,,,,
2197,Portuguese,,,,,,,
2198,Portuguese,,,,,,,
2199,Portuguese,,,,,,,
2200,Portuguese,,,,,,,
2201,Portuguese,,,,,,,
2202,Portuguese,,,,,,,
2203,Portuguese,,,,,,,
2204,Portuguese,,,,,,,
2205,International,,,,,,,
2206,Mediterranean,,,,,,,
2207,Portuguese,,,,,,,
2208,YUMS x2,Portuguese,,,,,,
2209,INSIDER,Portuguese,,,,,,
2210,YUMS x2,Chinese,,,,,,
2211,Portuguese,,,,,,,
2212,INSIDER,Regional,,,,,,
2213,Mediterranean,,,,,,,
2214,Portuguese,,,,,,,
2215,Grilled,,,,,,,
2216,Portuguese,,,,,,,
2217,Portuguese,,,,,,,
2218,Regional,,,,,,,
2219,International food,,,,,,,
2220,INSIDER,Portuguese,,,,,,
2221,Portuguese,,,,,,,
2222,Portuguese,,,,,,,
2223,YUMS x2,European,,,,,,
2224,Mediterranean,,,,,,,
2225,YUMS x2,Japanese,,,,,,
2226,YUMS x2,International,Accepting my yums,,,,,
2227,YUMS x2,INSIDER,European,Accepting my yums,,,,
2228,European,,,,,,,
2229,Portuguese,,,,,,,
2230,YUMS x2,INSIDER,Portuguese,,,,,
2231,YUMS x2,Steakhouse,Accepting my yums,,,,,
2232,International food,,,,,,,
2233,INSIDER,Mexican,,,,,,
2234,YUMS x2,Portuguese,,,,,,
2235,Portuguese,,,,,,,
2236,Asian,,,,,,,
2237,Portuguese,,,,,,,
2238,Mediterranean,,,,,,,
2239,Italian,,,,,,,
2240,International food,,,,,,,
2241,Portuguese,,,,,,,
2242,Nepalese,,,,,,,
2243,Portuguese,,,,,,,
2244,Italian,,,,,,,
2245,Japanese,,,,,,,
2246,Meat Cuisine,,,,,,,
2247,Portuguese,,,,,,,
2248,Portuguese,,,,,,,
2249,Steakhouse,,,,,,,
2250,Portuguese,,,,,,,
2251,Varied,,,,,,,
2252,YUMS x2,Portuguese,,,,,,
2253,YUMS x2,Asian,,,,,,
2254,INSIDER,Mediterranean,,,,,,
2255,European,,,,,,,
2256,Fusion,,,,,,,
2257,International,,,,,,,
2258,Portuguese,,,,,,,
2259,YUMS x2,International,Accepting my yums,,,,,
2260,YUMS x2,Mediterranean,,,,,,
2261,European,,,,,,,
2262,YUMS x2,Portuguese,Accepting my yums,,,,,
2263,American,,,,,,,
2264,Italian,,,,,,,
2265,American,,,,,,,
2266,Mediterranean,,,,,,,
2267,Mexican,,,,,,,
2268,Steakhouse,,,,,,,
2269,INSIDER,Portuguese,,,,,,
2270,Portuguese,,,,,,,
2271,Vegan cuisine,,,,,,,
2272,Portuguese,,,,,,,
2273,Vietnamese,,,,,,,
2274,Portuguese,,,,,,,
2275,Portuguese,,,,,,,
2276,Fusion,,,,,,,
2277,Portuguese,,,,,,,
2278,Italian,,,,,,,
2279,European,,,,,,,
2280,Portuguese,,,,,,,
2281,INSIDER,Vegan cuisine,,,,,,
2282,International food,,,,,,,
2283,Brazilian,,,,,,,
2284,Portuguese,,,,,,,
2285,Pizzeria,,,,,,,
2286,INSIDER,Steakhouse,,,,,,
2287,INSIDER,Japanese,,,,,,
2288,MICHELIN,INSIDER,Portuguese,,,,,
2289,International,,,,,,,
2290,Asian,,,,,,,
2291,Mediterranean,,,,,,,
2292,Portuguese,,,,,,,
2293,Portuguese,,,,,,,
2294,Local,,,,,,,
2295,INSIDER,Steakhouse,,,,,,
2296,International,,,,,,,
2297,Portuguese,,,,,,,
2298,Japanese,,,,,,,
2299,INSIDER,Portuguese,,,,,,
2300,Vietnamese,,,,,,,
2301,INSIDER,European,,,,,,
2302,International food,,,,,,,
2303,Portuguese,,,,,,,
2304,INSIDER,Mediterranean,,,,,,
2305,INSIDER,International food,,,,,,
2306,INSIDER,Mediterranean,,,,,,
2307,Argentinian,,,,,,,
2308,Portuguese,Accepting my yums,,,,,,
2309,Mediterranean,,,,,,,
2310,Portuguese,,,,,,,
2311,Steakhouse,,,,,,,
2312,INSIDER,International,,,,,,
2313,European,,,,,,,
2314,Brazilian,,,,,,,
2315,Portuguese,,,,,,,
2316,INSIDER,Italian,,,,,,
2317,Mediterranean,,,,,,,
2318,Pizzeria,,,,,,,
2319,INSIDER,Portuguese,Accepting my yums,,,,,
2320,European,,,,,,,
2321,Varied,,,,,,,
2322,Portuguese,,,,,,,
2323,Pizzeria,,,,,,,
2324,INSIDER,Japanese,,,,,,
2325,Japanese,,,,,,,
2326,Portuguese,,,,,,,
2327,INSIDER,Japanese,,,,,,
2328,Italian,,,,,,,
2329,INSIDER,Portuguese,,,,,,
2330,Pizzeria,,,,,,,
2331,INSIDER,Mediterranean,,,,,,
2332,Mediterranean,,,,,,,
2333,INSIDER,Mediterranean,,,,,,
2334,European,,,,,,,
2335,Portuguese,,,,,,,
2336,INSIDER,European,,,,,,
2337,European,,,,,,,
2338,Portuguese,,,,,,,
2339,Mediterranean,,,,,,,
2340,Asian,,,,,,,
2341,Italian,,,,,,,
2342,Vietnamese,,,,,,,
2343,INSIDER,Japanese,,,,,,
2344,Meat Cuisine,,,,,,,
2345,Portuguese,,,,,,,
2346,YUMS x2,Pizzeria,,,,,,
2347,American,,,,,,,
2348,INSIDER,International food,,,,,,
2349,Brazilian,,,,,,,
2350,MICHELIN,INSIDER,Japanese,,,,,
2351,International food,,,,,,,
2352,European,,,,,,,
2353,Local,,,,,,,
2354,Portuguese,,,,,,,
2355,Portuguese,,,,,,,
2356,INSIDER,Mediterranean,,,,,,
2357,Portuguese,,,,,,,
2358,International food,,,,,,,
2359,Portuguese,,,,,,,
2360,Japanese,,,,,,,
2361,European,,,,,,,
2362,Pizzeria,,,,,,,
2363,Mediterranean,,,,,,,
2364,Portuguese,,,,,,,
2365,Portuguese,,,,,,,
2366,Portuguese,,,,,,,
2367,Portuguese,,,,,,,
2368,Portuguese,,,,,,,
2369,Vegetarian,,,,,,,
2370,Portuguese,,,,,,,
2371,Steakhouse,,,,,,,
2372,INSIDER,Portuguese,,,,,,
2373,Japanese,,,,,,,
2374,Japanese,,,,,,,
2375,INSIDER,International food,,,,,,
2376,International food,,,,,,,
2377,European,,,,,,,
2378,International food,,,,,,,
2379,Mediterranean,,,,,,,
2380,Indian,,,,,,,
2381,Regional,,,,,,,
2382,Mediterranean,Accepting my yums,,,,,,
2383,Mediterranean,,,,,,,
2384,Portuguese,,,,,,,
2385,Pizzeria,,,,,,,
2386,Portuguese,,,,,,,
2387,European,,,,,,,
2388,European,,,,,,,
2389,Pizzeria,,,,,,,
2390,Varied,,,,,,,
2391,Portuguese,,,,,,,
2392,Varied,,,,,,,
2393,Korean,,,,,,,
2394,European,Accepting my yums,,,,,,
2395,European,,,,,,,
2396,Brazilian,,,,,,,
2397,Portuguese,,,,,,,
2398,Fusion,,,,,,,
2399,European,,,,,,,
2400,Mediterranean,,,,,,,
2401,MICHELIN,INSIDER,International food,,,,,
2402,INSIDER,Local,,,,,,
2403,International,,,,,,,
2404,Steakhouse,,,,,,,
2405,Vegetarian,,,,,,,
2406,European,,,,,,,
2407,Pizzeria,,,,,,,
2408,Mediterranean,,,,,,,
2409,Portuguese,,,,,,,
2410,Portuguese,,,,,,,
2411,Italian,,,,,,,
2412,Spanish,Accepting my yums,,,,,,
2413,European,,,,,,,
2414,International food,,,,,,,
